location_id,location,disease,time,age_group_id,age_group,age,is_filled,gender_id,gender,measure_id,measure,mean,lower,upper
356,India,Alcohol use disorders,2021,6,5-9 years,5,TRUE,1,Male,5,prevalence,9.28E-05,7.40E-05,0.000116016
356,India,Alcohol use disorders,2021,6,5-9 years,5,TRUE,1,Male,6,incidence,0,0,0
356,India,Alcohol use disorders,2021,6,5-9 years,5,TRUE,1,Male,15,mortality,0,0,0
356,India,Alcohol use disorders,2021,6,5-9 years,5,TRUE,1,Male,7,remission,1,1,1
356,India,Alcohol use disorders,2021,6,5-9 years,6,TRUE,1,Male,5,prevalence,9.28E-05,7.40E-05,0.000116016
356,India,Alcohol use disorders,2021,6,5-9 years,6,TRUE,1,Male,6,incidence,0,0,0
356,India,Alcohol use disorders,2021,6,5-9 years,6,TRUE,1,Male,15,mortality,0,0,0
356,India,Alcohol use disorders,2021,6,5-9 years,6,TRUE,1,Male,7,remission,1,1,1
356,India,Alcohol use disorders,2021,6,5-9 years,7,TRUE,1,Male,5,prevalence,9.28E-05,7.40E-05,0.000116016
356,India,Alcohol use disorders,2021,6,5-9 years,7,TRUE,1,Male,6,incidence,0,0,0
356,India,Alcohol use disorders,2021,6,5-9 years,7,TRUE,1,Male,15,mortality,0,0,0
356,India,Alcohol use disorders,2021,6,5-9 years,7,TRUE,1,Male,7,remission,1,1,1
356,India,Alcohol use disorders,2021,6,5-9 years,8,TRUE,1,Male,5,prevalence,9.28E-05,7.40E-05,0.000116016
356,India,Alcohol use disorders,2021,6,5-9 years,8,TRUE,1,Male,6,incidence,0,0,0
356,India,Alcohol use disorders,2021,6,5-9 years,8,TRUE,1,Male,15,mortality,0,0,0
356,India,Alcohol use disorders,2021,6,5-9 years,8,TRUE,1,Male,7,remission,1,1,1
356,India,Alcohol use disorders,2021,6,5-9 years,9,TRUE,1,Male,5,prevalence,9.28E-05,7.40E-05,0.000116016
356,India,Alcohol use disorders,2021,6,5-9 years,9,TRUE,1,Male,6,incidence,0,0,0
356,India,Alcohol use disorders,2021,6,5-9 years,9,TRUE,1,Male,15,mortality,0,0,0
356,India,Alcohol use disorders,2021,6,5-9 years,9,TRUE,1,Male,7,remission,1,1,1
356,India,Alcohol use disorders,2021,6,5-9 years,5,TRUE,2,Female,5,prevalence,7.41E-05,5.87E-05,9.32E-05
356,India,Alcohol use disorders,2021,6,5-9 years,5,TRUE,2,Female,6,incidence,0,0,0
356,India,Alcohol use disorders,2021,6,5-9 years,5,TRUE,2,Female,15,mortality,0,0,0
356,India,Alcohol use disorders,2021,6,5-9 years,5,TRUE,2,Female,7,remission,1,1,1
356,India,Alcohol use disorders,2021,6,5-9 years,6,TRUE,2,Female,5,prevalence,7.41E-05,5.87E-05,9.32E-05
356,India,Alcohol use disorders,2021,6,5-9 years,6,TRUE,2,Female,6,incidence,0,0,0
356,India,Alcohol use disorders,2021,6,5-9 years,6,TRUE,2,Female,15,mortality,0,0,0
356,India,Alcohol use disorders,2021,6,5-9 years,6,TRUE,2,Female,7,remission,1,1,1
356,India,Alcohol use disorders,2021,6,5-9 years,7,TRUE,2,Female,5,prevalence,7.41E-05,5.87E-05,9.32E-05
356,India,Alcohol use disorders,2021,6,5-9 years,7,TRUE,2,Female,6,incidence,0,0,0
356,India,Alcohol use disorders,2021,6,5-9 years,7,TRUE,2,Female,15,mortality,0,0,0
356,India,Alcohol use disorders,2021,6,5-9 years,7,TRUE,2,Female,7,remission,1,1,1
356,India,Alcohol use disorders,2021,6,5-9 years,8,TRUE,2,Female,5,prevalence,7.41E-05,5.87E-05,9.32E-05
356,India,Alcohol use disorders,2021,6,5-9 years,8,TRUE,2,Female,6,incidence,0,0,0
356,India,Alcohol use disorders,2021,6,5-9 years,8,TRUE,2,Female,15,mortality,0,0,0
356,India,Alcohol use disorders,2021,6,5-9 years,8,TRUE,2,Female,7,remission,1,1,1
356,India,Alcohol use disorders,2021,6,5-9 years,9,TRUE,2,Female,5,prevalence,7.41E-05,5.87E-05,9.32E-05
356,India,Alcohol use disorders,2021,6,5-9 years,9,TRUE,2,Female,6,incidence,0,0,0
356,India,Alcohol use disorders,2021,6,5-9 years,9,TRUE,2,Female,15,mortality,0,0,0
356,India,Alcohol use disorders,2021,6,5-9 years,9,TRUE,2,Female,7,remission,1,1,1
356,India,Alcohol use disorders,2021,7,10-14 years,10,TRUE,1,Male,5,prevalence,0.000716951,0.000421457,0.001137433
356,India,Alcohol use disorders,2021,7,10-14 years,10,TRUE,1,Male,6,incidence,0.000633263,0.000333043,0.001114191
356,India,Alcohol use disorders,2021,7,10-14 years,10,TRUE,1,Male,15,mortality,0,0,0
356,India,Alcohol use disorders,2021,7,10-14 years,10,TRUE,1,Male,7,remission,1,1,1
356,India,Alcohol use disorders,2021,7,10-14 years,11,TRUE,1,Male,5,prevalence,0.000716951,0.000421457,0.001137433
356,India,Alcohol use disorders,2021,7,10-14 years,11,TRUE,1,Male,6,incidence,0.000633263,0.000333043,0.001114191
356,India,Alcohol use disorders,2021,7,10-14 years,11,TRUE,1,Male,15,mortality,0,0,0
356,India,Alcohol use disorders,2021,7,10-14 years,11,TRUE,1,Male,7,remission,1,1,1
356,India,Alcohol use disorders,2021,7,10-14 years,12,TRUE,1,Male,5,prevalence,0.000716951,0.000421457,0.001137433
356,India,Alcohol use disorders,2021,7,10-14 years,12,TRUE,1,Male,6,incidence,0.000633263,0.000333043,0.001114191
356,India,Alcohol use disorders,2021,7,10-14 years,12,TRUE,1,Male,15,mortality,0,0,0
356,India,Alcohol use disorders,2021,7,10-14 years,12,TRUE,1,Male,7,remission,1,1,1
356,India,Alcohol use disorders,2021,7,10-14 years,13,TRUE,1,Male,5,prevalence,0.000716951,0.000421457,0.001137433
356,India,Alcohol use disorders,2021,7,10-14 years,13,TRUE,1,Male,6,incidence,0.000633263,0.000333043,0.001114191
356,India,Alcohol use disorders,2021,7,10-14 years,13,TRUE,1,Male,15,mortality,0,0,0
356,India,Alcohol use disorders,2021,7,10-14 years,13,TRUE,1,Male,7,remission,1,1,1
356,India,Alcohol use disorders,2021,7,10-14 years,14,TRUE,1,Male,5,prevalence,0.000716951,0.000421457,0.001137433
356,India,Alcohol use disorders,2021,7,10-14 years,14,TRUE,1,Male,6,incidence,0.000633263,0.000333043,0.001114191
356,India,Alcohol use disorders,2021,7,10-14 years,14,TRUE,1,Male,15,mortality,0,0,0
356,India,Alcohol use disorders,2021,7,10-14 years,14,TRUE,1,Male,7,remission,1,1,1
356,India,Alcohol use disorders,2021,7,10-14 years,10,TRUE,2,Female,5,prevalence,0.000261912,0.000155113,0.000411572
356,India,Alcohol use disorders,2021,7,10-14 years,10,TRUE,2,Female,6,incidence,0.000187981,8.15E-05,0.000356423
356,India,Alcohol use disorders,2021,7,10-14 years,10,TRUE,2,Female,15,mortality,0,0,0
356,India,Alcohol use disorders,2021,7,10-14 years,10,TRUE,2,Female,7,remission,1,1,1
356,India,Alcohol use disorders,2021,7,10-14 years,11,TRUE,2,Female,5,prevalence,0.000261912,0.000155113,0.000411572
356,India,Alcohol use disorders,2021,7,10-14 years,11,TRUE,2,Female,6,incidence,0.000187981,8.15E-05,0.000356423
356,India,Alcohol use disorders,2021,7,10-14 years,11,TRUE,2,Female,15,mortality,0,0,0
356,India,Alcohol use disorders,2021,7,10-14 years,11,TRUE,2,Female,7,remission,1,1,1
356,India,Alcohol use disorders,2021,7,10-14 years,12,TRUE,2,Female,5,prevalence,0.000261912,0.000155113,0.000411572
356,India,Alcohol use disorders,2021,7,10-14 years,12,TRUE,2,Female,6,incidence,0.000187981,8.15E-05,0.000356423
356,India,Alcohol use disorders,2021,7,10-14 years,12,TRUE,2,Female,15,mortality,0,0,0
356,India,Alcohol use disorders,2021,7,10-14 years,12,TRUE,2,Female,7,remission,1,1,1
356,India,Alcohol use disorders,2021,7,10-14 years,13,TRUE,2,Female,5,prevalence,0.000261912,0.000155113,0.000411572
356,India,Alcohol use disorders,2021,7,10-14 years,13,TRUE,2,Female,6,incidence,0.000187981,8.15E-05,0.000356423
356,India,Alcohol use disorders,2021,7,10-14 years,13,TRUE,2,Female,15,mortality,0,0,0
356,India,Alcohol use disorders,2021,7,10-14 years,13,TRUE,2,Female,7,remission,1,1,1
356,India,Alcohol use disorders,2021,7,10-14 years,14,TRUE,2,Female,5,prevalence,0.000261912,0.000155113,0.000411572
356,India,Alcohol use disorders,2021,7,10-14 years,14,TRUE,2,Female,6,incidence,0.000187981,8.15E-05,0.000356423
356,India,Alcohol use disorders,2021,7,10-14 years,14,TRUE,2,Female,15,mortality,0,0,0
356,India,Alcohol use disorders,2021,7,10-14 years,14,TRUE,2,Female,7,remission,1,1,1
356,India,Alcohol use disorders,2021,8,15-19 years,15,TRUE,1,Male,5,prevalence,0.005621837,0.003785635,0.007937996
356,India,Alcohol use disorders,2021,8,15-19 years,15,TRUE,1,Male,6,incidence,0.003813545,0.002380013,0.005808132
356,India,Alcohol use disorders,2021,8,15-19 years,15,TRUE,1,Male,15,mortality,0.000279956,0.000235767,0.000268555
356,India,Alcohol use disorders,2021,8,15-19 years,15,TRUE,1,Male,7,remission,1,1,1
356,India,Alcohol use disorders,2021,8,15-19 years,16,TRUE,1,Male,5,prevalence,0.005621837,0.003785635,0.007937996
356,India,Alcohol use disorders,2021,8,15-19 years,16,TRUE,1,Male,6,incidence,0.003813545,0.002380013,0.005808132
356,India,Alcohol use disorders,2021,8,15-19 years,16,TRUE,1,Male,15,mortality,0.000279956,0.000235767,0.000268555
356,India,Alcohol use disorders,2021,8,15-19 years,16,TRUE,1,Male,7,remission,1,1,1
356,India,Alcohol use disorders,2021,8,15-19 years,17,TRUE,1,Male,5,prevalence,0.005621837,0.003785635,0.007937996
356,India,Alcohol use disorders,2021,8,15-19 years,17,TRUE,1,Male,6,incidence,0.003813545,0.002380013,0.005808132
356,India,Alcohol use disorders,2021,8,15-19 years,17,TRUE,1,Male,15,mortality,0.000279956,0.000235767,0.000268555
356,India,Alcohol use disorders,2021,8,15-19 years,17,TRUE,1,Male,7,remission,1,1,1
356,India,Alcohol use disorders,2021,8,15-19 years,18,TRUE,1,Male,5,prevalence,0.005621837,0.003785635,0.007937996
356,India,Alcohol use disorders,2021,8,15-19 years,18,TRUE,1,Male,6,incidence,0.003813545,0.002380013,0.005808132
356,India,Alcohol use disorders,2021,8,15-19 years,18,TRUE,1,Male,15,mortality,0.000279956,0.000235767,0.000268555
356,India,Alcohol use disorders,2021,8,15-19 years,18,TRUE,1,Male,7,remission,1,1,1
356,India,Alcohol use disorders,2021,8,15-19 years,19,TRUE,1,Male,5,prevalence,0.005621837,0.003785635,0.007937996
356,India,Alcohol use disorders,2021,8,15-19 years,19,TRUE,1,Male,6,incidence,0.003813545,0.002380013,0.005808132
356,India,Alcohol use disorders,2021,8,15-19 years,19,TRUE,1,Male,15,mortality,0.000279956,0.000235767,0.000268555
356,India,Alcohol use disorders,2021,8,15-19 years,19,TRUE,1,Male,7,remission,1,1,1
356,India,Alcohol use disorders,2021,8,15-19 years,15,TRUE,2,Female,5,prevalence,0.001310677,0.000780506,0.002057867
356,India,Alcohol use disorders,2021,8,15-19 years,15,TRUE,2,Female,6,incidence,0.000787088,0.000443043,0.001350629
356,India,Alcohol use disorders,2021,8,15-19 years,15,TRUE,2,Female,15,mortality,5.48E-05,7.34E-05,5.05E-05
356,India,Alcohol use disorders,2021,8,15-19 years,15,TRUE,2,Female,7,remission,1,1,1
356,India,Alcohol use disorders,2021,8,15-19 years,16,TRUE,2,Female,5,prevalence,0.001310677,0.000780506,0.002057867
356,India,Alcohol use disorders,2021,8,15-19 years,16,TRUE,2,Female,6,incidence,0.000787088,0.000443043,0.001350629
356,India,Alcohol use disorders,2021,8,15-19 years,16,TRUE,2,Female,15,mortality,5.48E-05,7.34E-05,5.05E-05
356,India,Alcohol use disorders,2021,8,15-19 years,16,TRUE,2,Female,7,remission,1,1,1
356,India,Alcohol use disorders,2021,8,15-19 years,17,TRUE,2,Female,5,prevalence,0.001310677,0.000780506,0.002057867
356,India,Alcohol use disorders,2021,8,15-19 years,17,TRUE,2,Female,6,incidence,0.000787088,0.000443043,0.001350629
356,India,Alcohol use disorders,2021,8,15-19 years,17,TRUE,2,Female,15,mortality,5.48E-05,7.34E-05,5.05E-05
356,India,Alcohol use disorders,2021,8,15-19 years,17,TRUE,2,Female,7,remission,1,1,1
356,India,Alcohol use disorders,2021,8,15-19 years,18,TRUE,2,Female,5,prevalence,0.001310677,0.000780506,0.002057867
356,India,Alcohol use disorders,2021,8,15-19 years,18,TRUE,2,Female,6,incidence,0.000787088,0.000443043,0.001350629
356,India,Alcohol use disorders,2021,8,15-19 years,18,TRUE,2,Female,15,mortality,5.48E-05,7.34E-05,5.05E-05
356,India,Alcohol use disorders,2021,8,15-19 years,18,TRUE,2,Female,7,remission,1,1,1
356,India,Alcohol use disorders,2021,8,15-19 years,19,TRUE,2,Female,5,prevalence,0.001310677,0.000780506,0.002057867
356,India,Alcohol use disorders,2021,8,15-19 years,19,TRUE,2,Female,6,incidence,0.000787088,0.000443043,0.001350629
356,India,Alcohol use disorders,2021,8,15-19 years,19,TRUE,2,Female,15,mortality,5.48E-05,7.34E-05,5.05E-05
356,India,Alcohol use disorders,2021,8,15-19 years,19,TRUE,2,Female,7,remission,1,1,1
356,India,Alcohol use disorders,2021,9,20-24 years,20,TRUE,1,Male,5,prevalence,0.015409467,0.010964248,0.021285377
356,India,Alcohol use disorders,2021,9,20-24 years,20,TRUE,1,Male,6,incidence,0.009039948,0.006614026,0.012236327
356,India,Alcohol use disorders,2021,9,20-24 years,20,TRUE,1,Male,15,mortality,0.000488988,0.000363793,0.000471174
356,India,Alcohol use disorders,2021,9,20-24 years,20,TRUE,1,Male,7,remission,1,1,1
356,India,Alcohol use disorders,2021,9,20-24 years,21,TRUE,1,Male,5,prevalence,0.015409467,0.010964248,0.021285377
356,India,Alcohol use disorders,2021,9,20-24 years,21,TRUE,1,Male,6,incidence,0.009039948,0.006614026,0.012236327
356,India,Alcohol use disorders,2021,9,20-24 years,21,TRUE,1,Male,15,mortality,0.000488988,0.000363793,0.000471174
356,India,Alcohol use disorders,2021,9,20-24 years,21,TRUE,1,Male,7,remission,1,1,1
356,India,Alcohol use disorders,2021,9,20-24 years,22,TRUE,1,Male,5,prevalence,0.015409467,0.010964248,0.021285377
356,India,Alcohol use disorders,2021,9,20-24 years,22,TRUE,1,Male,6,incidence,0.009039948,0.006614026,0.012236327
356,India,Alcohol use disorders,2021,9,20-24 years,22,TRUE,1,Male,15,mortality,0.000488988,0.000363793,0.000471174
356,India,Alcohol use disorders,2021,9,20-24 years,22,TRUE,1,Male,7,remission,1,1,1
356,India,Alcohol use disorders,2021,9,20-24 years,23,TRUE,1,Male,5,prevalence,0.015409467,0.010964248,0.021285377
356,India,Alcohol use disorders,2021,9,20-24 years,23,TRUE,1,Male,6,incidence,0.009039948,0.006614026,0.012236327
356,India,Alcohol use disorders,2021,9,20-24 years,23,TRUE,1,Male,15,mortality,0.000488988,0.000363793,0.000471174
356,India,Alcohol use disorders,2021,9,20-24 years,23,TRUE,1,Male,7,remission,1,1,1
356,India,Alcohol use disorders,2021,9,20-24 years,24,TRUE,1,Male,5,prevalence,0.015409467,0.010964248,0.021285377
356,India,Alcohol use disorders,2021,9,20-24 years,24,TRUE,1,Male,6,incidence,0.009039948,0.006614026,0.012236327
356,India,Alcohol use disorders,2021,9,20-24 years,24,TRUE,1,Male,15,mortality,0.000488988,0.000363793,0.000471174
356,India,Alcohol use disorders,2021,9,20-24 years,24,TRUE,1,Male,7,remission,1,1,1
356,India,Alcohol use disorders,2021,9,20-24 years,20,TRUE,2,Female,5,prevalence,0.002710429,0.001650706,0.004373342
356,India,Alcohol use disorders,2021,9,20-24 years,20,TRUE,2,Female,6,incidence,0.001384626,0.000876363,0.002176409
356,India,Alcohol use disorders,2021,9,20-24 years,20,TRUE,2,Female,15,mortality,1.91E-05,2.43E-05,1.80E-05
356,India,Alcohol use disorders,2021,9,20-24 years,20,TRUE,2,Female,7,remission,1,1,1
356,India,Alcohol use disorders,2021,9,20-24 years,21,TRUE,2,Female,5,prevalence,0.002710429,0.001650706,0.004373342
356,India,Alcohol use disorders,2021,9,20-24 years,21,TRUE,2,Female,6,incidence,0.001384626,0.000876363,0.002176409
356,India,Alcohol use disorders,2021,9,20-24 years,21,TRUE,2,Female,15,mortality,1.91E-05,2.43E-05,1.80E-05
356,India,Alcohol use disorders,2021,9,20-24 years,21,TRUE,2,Female,7,remission,1,1,1
356,India,Alcohol use disorders,2021,9,20-24 years,22,TRUE,2,Female,5,prevalence,0.002710429,0.001650706,0.004373342
356,India,Alcohol use disorders,2021,9,20-24 years,22,TRUE,2,Female,6,incidence,0.001384626,0.000876363,0.002176409
356,India,Alcohol use disorders,2021,9,20-24 years,22,TRUE,2,Female,15,mortality,1.91E-05,2.43E-05,1.80E-05
356,India,Alcohol use disorders,2021,9,20-24 years,22,TRUE,2,Female,7,remission,1,1,1
356,India,Alcohol use disorders,2021,9,20-24 years,23,TRUE,2,Female,5,prevalence,0.002710429,0.001650706,0.004373342
356,India,Alcohol use disorders,2021,9,20-24 years,23,TRUE,2,Female,6,incidence,0.001384626,0.000876363,0.002176409
356,India,Alcohol use disorders,2021,9,20-24 years,23,TRUE,2,Female,15,mortality,1.91E-05,2.43E-05,1.80E-05
356,India,Alcohol use disorders,2021,9,20-24 years,23,TRUE,2,Female,7,remission,1,1,1
356,India,Alcohol use disorders,2021,9,20-24 years,24,TRUE,2,Female,5,prevalence,0.002710429,0.001650706,0.004373342
356,India,Alcohol use disorders,2021,9,20-24 years,24,TRUE,2,Female,6,incidence,0.001384626,0.000876363,0.002176409
356,India,Alcohol use disorders,2021,9,20-24 years,24,TRUE,2,Female,15,mortality,1.91E-05,2.43E-05,1.80E-05
356,India,Alcohol use disorders,2021,9,20-24 years,24,TRUE,2,Female,7,remission,1,1,1
356,India,Alcohol use disorders,2021,10,25-29 years,25,TRUE,1,Male,5,prevalence,0.025066302,0.01859186,0.033215341
356,India,Alcohol use disorders,2021,10,25-29 years,25,TRUE,1,Male,6,incidence,0.01490718,0.010798317,0.019650167
356,India,Alcohol use disorders,2021,10,25-29 years,25,TRUE,1,Male,15,mortality,0.000566242,0.000356185,0.000570595
356,India,Alcohol use disorders,2021,10,25-29 years,25,TRUE,1,Male,7,remission,1,1,1
356,India,Alcohol use disorders,2021,10,25-29 years,26,TRUE,1,Male,5,prevalence,0.025066302,0.01859186,0.033215341
356,India,Alcohol use disorders,2021,10,25-29 years,26,TRUE,1,Male,6,incidence,0.01490718,0.010798317,0.019650167
356,India,Alcohol use disorders,2021,10,25-29 years,26,TRUE,1,Male,15,mortality,0.000566242,0.000356185,0.000570595
356,India,Alcohol use disorders,2021,10,25-29 years,26,TRUE,1,Male,7,remission,1,1,1
356,India,Alcohol use disorders,2021,10,25-29 years,27,TRUE,1,Male,5,prevalence,0.025066302,0.01859186,0.033215341
356,India,Alcohol use disorders,2021,10,25-29 years,27,TRUE,1,Male,6,incidence,0.01490718,0.010798317,0.019650167
356,India,Alcohol use disorders,2021,10,25-29 years,27,TRUE,1,Male,15,mortality,0.000566242,0.000356185,0.000570595
356,India,Alcohol use disorders,2021,10,25-29 years,27,TRUE,1,Male,7,remission,1,1,1
356,India,Alcohol use disorders,2021,10,25-29 years,28,TRUE,1,Male,5,prevalence,0.025066302,0.01859186,0.033215341
356,India,Alcohol use disorders,2021,10,25-29 years,28,TRUE,1,Male,6,incidence,0.01490718,0.010798317,0.019650167
356,India,Alcohol use disorders,2021,10,25-29 years,28,TRUE,1,Male,15,mortality,0.000566242,0.000356185,0.000570595
356,India,Alcohol use disorders,2021,10,25-29 years,28,TRUE,1,Male,7,remission,1,1,1
356,India,Alcohol use disorders,2021,10,25-29 years,29,TRUE,1,Male,5,prevalence,0.025066302,0.01859186,0.033215341
356,India,Alcohol use disorders,2021,10,25-29 years,29,TRUE,1,Male,6,incidence,0.01490718,0.010798317,0.019650167
356,India,Alcohol use disorders,2021,10,25-29 years,29,TRUE,1,Male,15,mortality,0.000566242,0.000356185,0.000570595
356,India,Alcohol use disorders,2021,10,25-29 years,29,TRUE,1,Male,7,remission,1,1,1
356,India,Alcohol use disorders,2021,10,25-29 years,25,TRUE,2,Female,5,prevalence,0.003438975,0.002282604,0.00499703
356,India,Alcohol use disorders,2021,10,25-29 years,25,TRUE,2,Female,6,incidence,0.001856879,0.001147184,0.002776635
356,India,Alcohol use disorders,2021,10,25-29 years,25,TRUE,2,Female,15,mortality,0.000128951,0.000149559,0.000131607
356,India,Alcohol use disorders,2021,10,25-29 years,25,TRUE,2,Female,7,remission,1,1,1
356,India,Alcohol use disorders,2021,10,25-29 years,26,TRUE,2,Female,5,prevalence,0.003438975,0.002282604,0.00499703
356,India,Alcohol use disorders,2021,10,25-29 years,26,TRUE,2,Female,6,incidence,0.001856879,0.001147184,0.002776635
356,India,Alcohol use disorders,2021,10,25-29 years,26,TRUE,2,Female,15,mortality,0.000128951,0.000149559,0.000131607
356,India,Alcohol use disorders,2021,10,25-29 years,26,TRUE,2,Female,7,remission,1,1,1
356,India,Alcohol use disorders,2021,10,25-29 years,27,TRUE,2,Female,5,prevalence,0.003438975,0.002282604,0.00499703
356,India,Alcohol use disorders,2021,10,25-29 years,27,TRUE,2,Female,6,incidence,0.001856879,0.001147184,0.002776635
356,India,Alcohol use disorders,2021,10,25-29 years,27,TRUE,2,Female,15,mortality,0.000128951,0.000149559,0.000131607
356,India,Alcohol use disorders,2021,10,25-29 years,27,TRUE,2,Female,7,remission,1,1,1
356,India,Alcohol use disorders,2021,10,25-29 years,28,TRUE,2,Female,5,prevalence,0.003438975,0.002282604,0.00499703
356,India,Alcohol use disorders,2021,10,25-29 years,28,TRUE,2,Female,6,incidence,0.001856879,0.001147184,0.002776635
356,India,Alcohol use disorders,2021,10,25-29 years,28,TRUE,2,Female,15,mortality,0.000128951,0.000149559,0.000131607
356,India,Alcohol use disorders,2021,10,25-29 years,28,TRUE,2,Female,7,remission,1,1,1
356,India,Alcohol use disorders,2021,10,25-29 years,29,TRUE,2,Female,5,prevalence,0.003438975,0.002282604,0.00499703
356,India,Alcohol use disorders,2021,10,25-29 years,29,TRUE,2,Female,6,incidence,0.001856879,0.001147184,0.002776635
356,India,Alcohol use disorders,2021,10,25-29 years,29,TRUE,2,Female,15,mortality,0.000128951,0.000149559,0.000131607
356,India,Alcohol use disorders,2021,10,25-29 years,29,TRUE,2,Female,7,remission,1,1,1
356,India,Alcohol use disorders,2021,11,30-34 years,30,TRUE,1,Male,5,prevalence,0.031909961,0.024728432,0.041532587
356,India,Alcohol use disorders,2021,11,30-34 years,30,TRUE,1,Male,6,incidence,0.018905708,0.014905429,0.023798882
356,India,Alcohol use disorders,2021,11,30-34 years,30,TRUE,1,Male,15,mortality,0.001177386,0.000759897,0.001230444
356,India,Alcohol use disorders,2021,11,30-34 years,30,TRUE,1,Male,7,remission,1,1,1
356,India,Alcohol use disorders,2021,11,30-34 years,31,TRUE,1,Male,5,prevalence,0.031909961,0.024728432,0.041532587
356,India,Alcohol use disorders,2021,11,30-34 years,31,TRUE,1,Male,6,incidence,0.018905708,0.014905429,0.023798882
356,India,Alcohol use disorders,2021,11,30-34 years,31,TRUE,1,Male,15,mortality,0.001177386,0.000759897,0.001230444
356,India,Alcohol use disorders,2021,11,30-34 years,31,TRUE,1,Male,7,remission,1,1,1
356,India,Alcohol use disorders,2021,11,30-34 years,32,TRUE,1,Male,5,prevalence,0.031909961,0.024728432,0.041532587
356,India,Alcohol use disorders,2021,11,30-34 years,32,TRUE,1,Male,6,incidence,0.018905708,0.014905429,0.023798882
356,India,Alcohol use disorders,2021,11,30-34 years,32,TRUE,1,Male,15,mortality,0.001177386,0.000759897,0.001230444
356,India,Alcohol use disorders,2021,11,30-34 years,32,TRUE,1,Male,7,remission,1,1,1
356,India,Alcohol use disorders,2021,11,30-34 years,33,TRUE,1,Male,5,prevalence,0.031909961,0.024728432,0.041532587
356,India,Alcohol use disorders,2021,11,30-34 years,33,TRUE,1,Male,6,incidence,0.018905708,0.014905429,0.023798882
356,India,Alcohol use disorders,2021,11,30-34 years,33,TRUE,1,Male,15,mortality,0.001177386,0.000759897,0.001230444
356,India,Alcohol use disorders,2021,11,30-34 years,33,TRUE,1,Male,7,remission,1,1,1
356,India,Alcohol use disorders,2021,11,30-34 years,34,TRUE,1,Male,5,prevalence,0.031909961,0.024728432,0.041532587
356,India,Alcohol use disorders,2021,11,30-34 years,34,TRUE,1,Male,6,incidence,0.018905708,0.014905429,0.023798882
356,India,Alcohol use disorders,2021,11,30-34 years,34,TRUE,1,Male,15,mortality,0.001177386,0.000759897,0.001230444
356,India,Alcohol use disorders,2021,11,30-34 years,34,TRUE,1,Male,7,remission,1,1,1
356,India,Alcohol use disorders,2021,11,30-34 years,30,TRUE,2,Female,5,prevalence,0.003899495,0.002598204,0.005739329
356,India,Alcohol use disorders,2021,11,30-34 years,30,TRUE,2,Female,6,incidence,0.002216089,0.00146916,0.003205016
356,India,Alcohol use disorders,2021,11,30-34 years,30,TRUE,2,Female,15,mortality,0.000215548,0.000250594,0.000208583
356,India,Alcohol use disorders,2021,11,30-34 years,30,TRUE,2,Female,7,remission,1,1,1
356,India,Alcohol use disorders,2021,11,30-34 years,31,TRUE,2,Female,5,prevalence,0.003899495,0.002598204,0.005739329
356,India,Alcohol use disorders,2021,11,30-34 years,31,TRUE,2,Female,6,incidence,0.002216089,0.00146916,0.003205016
356,India,Alcohol use disorders,2021,11,30-34 years,31,TRUE,2,Female,15,mortality,0.000215548,0.000250594,0.000208583
356,India,Alcohol use disorders,2021,11,30-34 years,31,TRUE,2,Female,7,remission,1,1,1
356,India,Alcohol use disorders,2021,11,30-34 years,32,TRUE,2,Female,5,prevalence,0.003899495,0.002598204,0.005739329
356,India,Alcohol use disorders,2021,11,30-34 years,32,TRUE,2,Female,6,incidence,0.002216089,0.00146916,0.003205016
356,India,Alcohol use disorders,2021,11,30-34 years,32,TRUE,2,Female,15,mortality,0.000215548,0.000250594,0.000208583
356,India,Alcohol use disorders,2021,11,30-34 years,32,TRUE,2,Female,7,remission,1,1,1
356,India,Alcohol use disorders,2021,11,30-34 years,33,TRUE,2,Female,5,prevalence,0.003899495,0.002598204,0.005739329
356,India,Alcohol use disorders,2021,11,30-34 years,33,TRUE,2,Female,6,incidence,0.002216089,0.00146916,0.003205016
356,India,Alcohol use disorders,2021,11,30-34 years,33,TRUE,2,Female,15,mortality,0.000215548,0.000250594,0.000208583
356,India,Alcohol use disorders,2021,11,30-34 years,33,TRUE,2,Female,7,remission,1,1,1
356,India,Alcohol use disorders,2021,11,30-34 years,34,TRUE,2,Female,5,prevalence,0.003899495,0.002598204,0.005739329
356,India,Alcohol use disorders,2021,11,30-34 years,34,TRUE,2,Female,6,incidence,0.002216089,0.00146916,0.003205016
356,India,Alcohol use disorders,2021,11,30-34 years,34,TRUE,2,Female,15,mortality,0.000215548,0.000250594,0.000208583
356,India,Alcohol use disorders,2021,11,30-34 years,34,TRUE,2,Female,7,remission,1,1,1
356,India,Alcohol use disorders,2021,12,35-39 years,35,TRUE,1,Male,5,prevalence,0.036839253,0.028605824,0.046090858
356,India,Alcohol use disorders,2021,12,35-39 years,35,TRUE,1,Male,6,incidence,0.02097329,0.015367916,0.027894412
356,India,Alcohol use disorders,2021,12,35-39 years,35,TRUE,1,Male,15,mortality,0.00109692,0.000700379,0.001191157
356,India,Alcohol use disorders,2021,12,35-39 years,35,TRUE,1,Male,7,remission,1,1,1
356,India,Alcohol use disorders,2021,12,35-39 years,36,TRUE,1,Male,5,prevalence,0.036839253,0.028605824,0.046090858
356,India,Alcohol use disorders,2021,12,35-39 years,36,TRUE,1,Male,6,incidence,0.02097329,0.015367916,0.027894412
356,India,Alcohol use disorders,2021,12,35-39 years,36,TRUE,1,Male,15,mortality,0.00109692,0.000700379,0.001191157
356,India,Alcohol use disorders,2021,12,35-39 years,36,TRUE,1,Male,7,remission,1,1,1
356,India,Alcohol use disorders,2021,12,35-39 years,37,TRUE,1,Male,5,prevalence,0.036839253,0.028605824,0.046090858
356,India,Alcohol use disorders,2021,12,35-39 years,37,TRUE,1,Male,6,incidence,0.02097329,0.015367916,0.027894412
356,India,Alcohol use disorders,2021,12,35-39 years,37,TRUE,1,Male,15,mortality,0.00109692,0.000700379,0.001191157
356,India,Alcohol use disorders,2021,12,35-39 years,37,TRUE,1,Male,7,remission,1,1,1
356,India,Alcohol use disorders,2021,12,35-39 years,38,TRUE,1,Male,5,prevalence,0.036839253,0.028605824,0.046090858
356,India,Alcohol use disorders,2021,12,35-39 years,38,TRUE,1,Male,6,incidence,0.02097329,0.015367916,0.027894412
356,India,Alcohol use disorders,2021,12,35-39 years,38,TRUE,1,Male,15,mortality,0.00109692,0.000700379,0.001191157
356,India,Alcohol use disorders,2021,12,35-39 years,38,TRUE,1,Male,7,remission,1,1,1
356,India,Alcohol use disorders,2021,12,35-39 years,39,TRUE,1,Male,5,prevalence,0.036839253,0.028605824,0.046090858
356,India,Alcohol use disorders,2021,12,35-39 years,39,TRUE,1,Male,6,incidence,0.02097329,0.015367916,0.027894412
356,India,Alcohol use disorders,2021,12,35-39 years,39,TRUE,1,Male,15,mortality,0.00109692,0.000700379,0.001191157
356,India,Alcohol use disorders,2021,12,35-39 years,39,TRUE,1,Male,7,remission,1,1,1
356,India,Alcohol use disorders,2021,12,35-39 years,35,TRUE,2,Female,5,prevalence,0.004448972,0.003087208,0.006218773
356,India,Alcohol use disorders,2021,12,35-39 years,35,TRUE,2,Female,6,incidence,0.00244919,0.001509592,0.003659225
356,India,Alcohol use disorders,2021,12,35-39 years,35,TRUE,2,Female,15,mortality,0.000513212,0.00057745,0.000516972
356,India,Alcohol use disorders,2021,12,35-39 years,35,TRUE,2,Female,7,remission,1,1,1
356,India,Alcohol use disorders,2021,12,35-39 years,36,TRUE,2,Female,5,prevalence,0.004448972,0.003087208,0.006218773
356,India,Alcohol use disorders,2021,12,35-39 years,36,TRUE,2,Female,6,incidence,0.00244919,0.001509592,0.003659225
356,India,Alcohol use disorders,2021,12,35-39 years,36,TRUE,2,Female,15,mortality,0.000513212,0.00057745,0.000516972
356,India,Alcohol use disorders,2021,12,35-39 years,36,TRUE,2,Female,7,remission,1,1,1
356,India,Alcohol use disorders,2021,12,35-39 years,37,TRUE,2,Female,5,prevalence,0.004448972,0.003087208,0.006218773
356,India,Alcohol use disorders,2021,12,35-39 years,37,TRUE,2,Female,6,incidence,0.00244919,0.001509592,0.003659225
356,India,Alcohol use disorders,2021,12,35-39 years,37,TRUE,2,Female,15,mortality,0.000513212,0.00057745,0.000516972
356,India,Alcohol use disorders,2021,12,35-39 years,37,TRUE,2,Female,7,remission,1,1,1
356,India,Alcohol use disorders,2021,12,35-39 years,38,TRUE,2,Female,5,prevalence,0.004448972,0.003087208,0.006218773
356,India,Alcohol use disorders,2021,12,35-39 years,38,TRUE,2,Female,6,incidence,0.00244919,0.001509592,0.003659225
356,India,Alcohol use disorders,2021,12,35-39 years,38,TRUE,2,Female,15,mortality,0.000513212,0.00057745,0.000516972
356,India,Alcohol use disorders,2021,12,35-39 years,38,TRUE,2,Female,7,remission,1,1,1
356,India,Alcohol use disorders,2021,12,35-39 years,39,TRUE,2,Female,5,prevalence,0.004448972,0.003087208,0.006218773
356,India,Alcohol use disorders,2021,12,35-39 years,39,TRUE,2,Female,6,incidence,0.00244919,0.001509592,0.003659225
356,India,Alcohol use disorders,2021,12,35-39 years,39,TRUE,2,Female,15,mortality,0.000513212,0.00057745,0.000516972
356,India,Alcohol use disorders,2021,12,35-39 years,39,TRUE,2,Female,7,remission,1,1,1
356,India,Alcohol use disorders,2021,13,40-44 years,40,TRUE,1,Male,5,prevalence,0.039555261,0.028830428,0.05281607
356,India,Alcohol use disorders,2021,13,40-44 years,40,TRUE,1,Male,6,incidence,0.020781034,0.014809475,0.028266591
356,India,Alcohol use disorders,2021,13,40-44 years,40,TRUE,1,Male,15,mortality,0.001418048,0.000927139,0.001457936
356,India,Alcohol use disorders,2021,13,40-44 years,40,TRUE,1,Male,7,remission,1,1,1
356,India,Alcohol use disorders,2021,13,40-44 years,41,TRUE,1,Male,5,prevalence,0.039555261,0.028830428,0.05281607
356,India,Alcohol use disorders,2021,13,40-44 years,41,TRUE,1,Male,6,incidence,0.020781034,0.014809475,0.028266591
356,India,Alcohol use disorders,2021,13,40-44 years,41,TRUE,1,Male,15,mortality,0.001418048,0.000927139,0.001457936
356,India,Alcohol use disorders,2021,13,40-44 years,41,TRUE,1,Male,7,remission,1,1,1
356,India,Alcohol use disorders,2021,13,40-44 years,42,TRUE,1,Male,5,prevalence,0.039555261,0.028830428,0.05281607
356,India,Alcohol use disorders,2021,13,40-44 years,42,TRUE,1,Male,6,incidence,0.020781034,0.014809475,0.028266591
356,India,Alcohol use disorders,2021,13,40-44 years,42,TRUE,1,Male,15,mortality,0.001418048,0.000927139,0.001457936
356,India,Alcohol use disorders,2021,13,40-44 years,42,TRUE,1,Male,7,remission,1,1,1
356,India,Alcohol use disorders,2021,13,40-44 years,43,TRUE,1,Male,5,prevalence,0.039555261,0.028830428,0.05281607
356,India,Alcohol use disorders,2021,13,40-44 years,43,TRUE,1,Male,6,incidence,0.020781034,0.014809475,0.028266591
356,India,Alcohol use disorders,2021,13,40-44 years,43,TRUE,1,Male,15,mortality,0.001418048,0.000927139,0.001457936
356,India,Alcohol use disorders,2021,13,40-44 years,43,TRUE,1,Male,7,remission,1,1,1
356,India,Alcohol use disorders,2021,13,40-44 years,44,TRUE,1,Male,5,prevalence,0.039555261,0.028830428,0.05281607
356,India,Alcohol use disorders,2021,13,40-44 years,44,TRUE,1,Male,6,incidence,0.020781034,0.014809475,0.028266591
356,India,Alcohol use disorders,2021,13,40-44 years,44,TRUE,1,Male,15,mortality,0.001418048,0.000927139,0.001457936
356,India,Alcohol use disorders,2021,13,40-44 years,44,TRUE,1,Male,7,remission,1,1,1
356,India,Alcohol use disorders,2021,13,40-44 years,40,TRUE,2,Female,5,prevalence,0.005348938,0.003574671,0.00787546
356,India,Alcohol use disorders,2021,13,40-44 years,40,TRUE,2,Female,6,incidence,0.002983352,0.001954033,0.004349227
356,India,Alcohol use disorders,2021,13,40-44 years,40,TRUE,2,Female,15,mortality,0.000534772,0.000630478,0.000480552
356,India,Alcohol use disorders,2021,13,40-44 years,40,TRUE,2,Female,7,remission,1,1,1
356,India,Alcohol use disorders,2021,13,40-44 years,41,TRUE,2,Female,5,prevalence,0.005348938,0.003574671,0.00787546
356,India,Alcohol use disorders,2021,13,40-44 years,41,TRUE,2,Female,6,incidence,0.002983352,0.001954033,0.004349227
356,India,Alcohol use disorders,2021,13,40-44 years,41,TRUE,2,Female,15,mortality,0.000534772,0.000630478,0.000480552
356,India,Alcohol use disorders,2021,13,40-44 years,41,TRUE,2,Female,7,remission,1,1,1
356,India,Alcohol use disorders,2021,13,40-44 years,42,TRUE,2,Female,5,prevalence,0.005348938,0.003574671,0.00787546
356,India,Alcohol use disorders,2021,13,40-44 years,42,TRUE,2,Female,6,incidence,0.002983352,0.001954033,0.004349227
356,India,Alcohol use disorders,2021,13,40-44 years,42,TRUE,2,Female,15,mortality,0.000534772,0.000630478,0.000480552
356,India,Alcohol use disorders,2021,13,40-44 years,42,TRUE,2,Female,7,remission,1,1,1
356,India,Alcohol use disorders,2021,13,40-44 years,43,TRUE,2,Female,5,prevalence,0.005348938,0.003574671,0.00787546
356,India,Alcohol use disorders,2021,13,40-44 years,43,TRUE,2,Female,6,incidence,0.002983352,0.001954033,0.004349227
356,India,Alcohol use disorders,2021,13,40-44 years,43,TRUE,2,Female,15,mortality,0.000534772,0.000630478,0.000480552
356,India,Alcohol use disorders,2021,13,40-44 years,43,TRUE,2,Female,7,remission,1,1,1
356,India,Alcohol use disorders,2021,13,40-44 years,44,TRUE,2,Female,5,prevalence,0.005348938,0.003574671,0.00787546
356,India,Alcohol use disorders,2021,13,40-44 years,44,TRUE,2,Female,6,incidence,0.002983352,0.001954033,0.004349227
356,India,Alcohol use disorders,2021,13,40-44 years,44,TRUE,2,Female,15,mortality,0.000534772,0.000630478,0.000480552
356,India,Alcohol use disorders,2021,13,40-44 years,44,TRUE,2,Female,7,remission,1,1,1
356,India,Alcohol use disorders,2021,14,45-49 years,45,TRUE,1,Male,5,prevalence,0.037343658,0.029269801,0.047098661
356,India,Alcohol use disorders,2021,14,45-49 years,45,TRUE,1,Male,6,incidence,0.018458013,0.013520605,0.024403054
356,India,Alcohol use disorders,2021,14,45-49 years,45,TRUE,1,Male,15,mortality,0.002022821,0.001482898,0.002153093
356,India,Alcohol use disorders,2021,14,45-49 years,45,TRUE,1,Male,7,remission,1,1,1
356,India,Alcohol use disorders,2021,14,45-49 years,46,TRUE,1,Male,5,prevalence,0.037343658,0.029269801,0.047098661
356,India,Alcohol use disorders,2021,14,45-49 years,46,TRUE,1,Male,6,incidence,0.018458013,0.013520605,0.024403054
356,India,Alcohol use disorders,2021,14,45-49 years,46,TRUE,1,Male,15,mortality,0.002022821,0.001482898,0.002153093
356,India,Alcohol use disorders,2021,14,45-49 years,46,TRUE,1,Male,7,remission,1,1,1
356,India,Alcohol use disorders,2021,14,45-49 years,47,TRUE,1,Male,5,prevalence,0.037343658,0.029269801,0.047098661
356,India,Alcohol use disorders,2021,14,45-49 years,47,TRUE,1,Male,6,incidence,0.018458013,0.013520605,0.024403054
356,India,Alcohol use disorders,2021,14,45-49 years,47,TRUE,1,Male,15,mortality,0.002022821,0.001482898,0.002153093
356,India,Alcohol use disorders,2021,14,45-49 years,47,TRUE,1,Male,7,remission,1,1,1
356,India,Alcohol use disorders,2021,14,45-49 years,48,TRUE,1,Male,5,prevalence,0.037343658,0.029269801,0.047098661
356,India,Alcohol use disorders,2021,14,45-49 years,48,TRUE,1,Male,6,incidence,0.018458013,0.013520605,0.024403054
356,India,Alcohol use disorders,2021,14,45-49 years,48,TRUE,1,Male,15,mortality,0.002022821,0.001482898,0.002153093
356,India,Alcohol use disorders,2021,14,45-49 years,48,TRUE,1,Male,7,remission,1,1,1
356,India,Alcohol use disorders,2021,14,45-49 years,49,TRUE,1,Male,5,prevalence,0.037343658,0.029269801,0.047098661
356,India,Alcohol use disorders,2021,14,45-49 years,49,TRUE,1,Male,6,incidence,0.018458013,0.013520605,0.024403054
356,India,Alcohol use disorders,2021,14,45-49 years,49,TRUE,1,Male,15,mortality,0.002022821,0.001482898,0.002153093
356,India,Alcohol use disorders,2021,14,45-49 years,49,TRUE,1,Male,7,remission,1,1,1
356,India,Alcohol use disorders,2021,14,45-49 years,45,TRUE,2,Female,5,prevalence,0.007084961,0.005021389,0.009421121
356,India,Alcohol use disorders,2021,14,45-49 years,45,TRUE,2,Female,6,incidence,0.003829257,0.002606001,0.005358248
356,India,Alcohol use disorders,2021,14,45-49 years,45,TRUE,2,Female,15,mortality,0.000518155,0.000575029,0.000505156
356,India,Alcohol use disorders,2021,14,45-49 years,45,TRUE,2,Female,7,remission,1,1,1
356,India,Alcohol use disorders,2021,14,45-49 years,46,TRUE,2,Female,5,prevalence,0.007084961,0.005021389,0.009421121
356,India,Alcohol use disorders,2021,14,45-49 years,46,TRUE,2,Female,6,incidence,0.003829257,0.002606001,0.005358248
356,India,Alcohol use disorders,2021,14,45-49 years,46,TRUE,2,Female,15,mortality,0.000518155,0.000575029,0.000505156
356,India,Alcohol use disorders,2021,14,45-49 years,46,TRUE,2,Female,7,remission,1,1,1
356,India,Alcohol use disorders,2021,14,45-49 years,47,TRUE,2,Female,5,prevalence,0.007084961,0.005021389,0.009421121
356,India,Alcohol use disorders,2021,14,45-49 years,47,TRUE,2,Female,6,incidence,0.003829257,0.002606001,0.005358248
356,India,Alcohol use disorders,2021,14,45-49 years,47,TRUE,2,Female,15,mortality,0.000518155,0.000575029,0.000505156
356,India,Alcohol use disorders,2021,14,45-49 years,47,TRUE,2,Female,7,remission,1,1,1
356,India,Alcohol use disorders,2021,14,45-49 years,48,TRUE,2,Female,5,prevalence,0.007084961,0.005021389,0.009421121
356,India,Alcohol use disorders,2021,14,45-49 years,48,TRUE,2,Female,6,incidence,0.003829257,0.002606001,0.005358248
356,India,Alcohol use disorders,2021,14,45-49 years,48,TRUE,2,Female,15,mortality,0.000518155,0.000575029,0.000505156
356,India,Alcohol use disorders,2021,14,45-49 years,48,TRUE,2,Female,7,remission,1,1,1
356,India,Alcohol use disorders,2021,14,45-49 years,49,TRUE,2,Female,5,prevalence,0.007084961,0.005021389,0.009421121
356,India,Alcohol use disorders,2021,14,45-49 years,49,TRUE,2,Female,6,incidence,0.003829257,0.002606001,0.005358248
356,India,Alcohol use disorders,2021,14,45-49 years,49,TRUE,2,Female,15,mortality,0.000518155,0.000575029,0.000505156
356,India,Alcohol use disorders,2021,14,45-49 years,49,TRUE,2,Female,7,remission,1,1,1
356,India,Alcohol use disorders,2021,15,50-54 years,50,TRUE,1,Male,5,prevalence,0.034470148,0.024939687,0.045417561
356,India,Alcohol use disorders,2021,15,50-54 years,50,TRUE,1,Male,6,incidence,0.016544146,0.011608418,0.022221645
356,India,Alcohol use disorders,2021,15,50-54 years,50,TRUE,1,Male,15,mortality,0.001754091,0.001166127,0.00178044
356,India,Alcohol use disorders,2021,15,50-54 years,50,TRUE,1,Male,7,remission,1,1,1
356,India,Alcohol use disorders,2021,15,50-54 years,51,TRUE,1,Male,5,prevalence,0.034470148,0.024939687,0.045417561
356,India,Alcohol use disorders,2021,15,50-54 years,51,TRUE,1,Male,6,incidence,0.016544146,0.011608418,0.022221645
356,India,Alcohol use disorders,2021,15,50-54 years,51,TRUE,1,Male,15,mortality,0.001754091,0.001166127,0.00178044
356,India,Alcohol use disorders,2021,15,50-54 years,51,TRUE,1,Male,7,remission,1,1,1
356,India,Alcohol use disorders,2021,15,50-54 years,52,TRUE,1,Male,5,prevalence,0.034470148,0.024939687,0.045417561
356,India,Alcohol use disorders,2021,15,50-54 years,52,TRUE,1,Male,6,incidence,0.016544146,0.011608418,0.022221645
356,India,Alcohol use disorders,2021,15,50-54 years,52,TRUE,1,Male,15,mortality,0.001754091,0.001166127,0.00178044
356,India,Alcohol use disorders,2021,15,50-54 years,52,TRUE,1,Male,7,remission,1,1,1
356,India,Alcohol use disorders,2021,15,50-54 years,53,TRUE,1,Male,5,prevalence,0.034470148,0.024939687,0.045417561
356,India,Alcohol use disorders,2021,15,50-54 years,53,TRUE,1,Male,6,incidence,0.016544146,0.011608418,0.022221645
356,India,Alcohol use disorders,2021,15,50-54 years,53,TRUE,1,Male,15,mortality,0.001754091,0.001166127,0.00178044
356,India,Alcohol use disorders,2021,15,50-54 years,53,TRUE,1,Male,7,remission,1,1,1
356,India,Alcohol use disorders,2021,15,50-54 years,54,TRUE,1,Male,5,prevalence,0.034470148,0.024939687,0.045417561
356,India,Alcohol use disorders,2021,15,50-54 years,54,TRUE,1,Male,6,incidence,0.016544146,0.011608418,0.022221645
356,India,Alcohol use disorders,2021,15,50-54 years,54,TRUE,1,Male,15,mortality,0.001754091,0.001166127,0.00178044
356,India,Alcohol use disorders,2021,15,50-54 years,54,TRUE,1,Male,7,remission,1,1,1
356,India,Alcohol use disorders,2021,15,50-54 years,50,TRUE,2,Female,5,prevalence,0.008477618,0.005799373,0.011702431
356,India,Alcohol use disorders,2021,15,50-54 years,50,TRUE,2,Female,6,incidence,0.004035085,0.002709224,0.005543159
356,India,Alcohol use disorders,2021,15,50-54 years,50,TRUE,2,Female,15,mortality,0.000628533,0.000703125,0.000586953
356,India,Alcohol use disorders,2021,15,50-54 years,50,TRUE,2,Female,7,remission,1,1,1
356,India,Alcohol use disorders,2021,15,50-54 years,51,TRUE,2,Female,5,prevalence,0.008477618,0.005799373,0.011702431
356,India,Alcohol use disorders,2021,15,50-54 years,51,TRUE,2,Female,6,incidence,0.004035085,0.002709224,0.005543159
356,India,Alcohol use disorders,2021,15,50-54 years,51,TRUE,2,Female,15,mortality,0.000628533,0.000703125,0.000586953
356,India,Alcohol use disorders,2021,15,50-54 years,51,TRUE,2,Female,7,remission,1,1,1
356,India,Alcohol use disorders,2021,15,50-54 years,52,TRUE,2,Female,5,prevalence,0.008477618,0.005799373,0.011702431
356,India,Alcohol use disorders,2021,15,50-54 years,52,TRUE,2,Female,6,incidence,0.004035085,0.002709224,0.005543159
356,India,Alcohol use disorders,2021,15,50-54 years,52,TRUE,2,Female,15,mortality,0.000628533,0.000703125,0.000586953
356,India,Alcohol use disorders,2021,15,50-54 years,52,TRUE,2,Female,7,remission,1,1,1
356,India,Alcohol use disorders,2021,15,50-54 years,53,TRUE,2,Female,5,prevalence,0.008477618,0.005799373,0.011702431
356,India,Alcohol use disorders,2021,15,50-54 years,53,TRUE,2,Female,6,incidence,0.004035085,0.002709224,0.005543159
356,India,Alcohol use disorders,2021,15,50-54 years,53,TRUE,2,Female,15,mortality,0.000628533,0.000703125,0.000586953
356,India,Alcohol use disorders,2021,15,50-54 years,53,TRUE,2,Female,7,remission,1,1,1
356,India,Alcohol use disorders,2021,15,50-54 years,54,TRUE,2,Female,5,prevalence,0.008477618,0.005799373,0.011702431
356,India,Alcohol use disorders,2021,15,50-54 years,54,TRUE,2,Female,6,incidence,0.004035085,0.002709224,0.005543159
356,India,Alcohol use disorders,2021,15,50-54 years,54,TRUE,2,Female,15,mortality,0.000628533,0.000703125,0.000586953
356,India,Alcohol use disorders,2021,15,50-54 years,54,TRUE,2,Female,7,remission,1,1,1
356,India,Alcohol use disorders,2021,16,55-59 years,55,TRUE,1,Male,5,prevalence,0.032445032,0.024358719,0.041623048
356,India,Alcohol use disorders,2021,16,55-59 years,55,TRUE,1,Male,6,incidence,0.015019247,0.010713072,0.020399151
356,India,Alcohol use disorders,2021,16,55-59 years,55,TRUE,1,Male,15,mortality,0.002612028,0.00185366,0.002625882
356,India,Alcohol use disorders,2021,16,55-59 years,55,TRUE,1,Male,7,remission,1,1,1
356,India,Alcohol use disorders,2021,16,55-59 years,56,TRUE,1,Male,5,prevalence,0.032445032,0.024358719,0.041623048
356,India,Alcohol use disorders,2021,16,55-59 years,56,TRUE,1,Male,6,incidence,0.015019247,0.010713072,0.020399151
356,India,Alcohol use disorders,2021,16,55-59 years,56,TRUE,1,Male,15,mortality,0.002612028,0.00185366,0.002625882
356,India,Alcohol use disorders,2021,16,55-59 years,56,TRUE,1,Male,7,remission,1,1,1
356,India,Alcohol use disorders,2021,16,55-59 years,57,TRUE,1,Male,5,prevalence,0.032445032,0.024358719,0.041623048
356,India,Alcohol use disorders,2021,16,55-59 years,57,TRUE,1,Male,6,incidence,0.015019247,0.010713072,0.020399151
356,India,Alcohol use disorders,2021,16,55-59 years,57,TRUE,1,Male,15,mortality,0.002612028,0.00185366,0.002625882
356,India,Alcohol use disorders,2021,16,55-59 years,57,TRUE,1,Male,7,remission,1,1,1
356,India,Alcohol use disorders,2021,16,55-59 years,58,TRUE,1,Male,5,prevalence,0.032445032,0.024358719,0.041623048
356,India,Alcohol use disorders,2021,16,55-59 years,58,TRUE,1,Male,6,incidence,0.015019247,0.010713072,0.020399151
356,India,Alcohol use disorders,2021,16,55-59 years,58,TRUE,1,Male,15,mortality,0.002612028,0.00185366,0.002625882
356,India,Alcohol use disorders,2021,16,55-59 years,58,TRUE,1,Male,7,remission,1,1,1
356,India,Alcohol use disorders,2021,16,55-59 years,59,TRUE,1,Male,5,prevalence,0.032445032,0.024358719,0.041623048
356,India,Alcohol use disorders,2021,16,55-59 years,59,TRUE,1,Male,6,incidence,0.015019247,0.010713072,0.020399151
356,India,Alcohol use disorders,2021,16,55-59 years,59,TRUE,1,Male,15,mortality,0.002612028,0.00185366,0.002625882
356,India,Alcohol use disorders,2021,16,55-59 years,59,TRUE,1,Male,7,remission,1,1,1
356,India,Alcohol use disorders,2021,16,55-59 years,55,TRUE,2,Female,5,prevalence,0.008296152,0.006112302,0.011000094
356,India,Alcohol use disorders,2021,16,55-59 years,55,TRUE,2,Female,6,incidence,0.003597179,0.002415835,0.005185752
356,India,Alcohol use disorders,2021,16,55-59 years,55,TRUE,2,Female,15,mortality,0.00050238,0.000524675,0.000505833
356,India,Alcohol use disorders,2021,16,55-59 years,55,TRUE,2,Female,7,remission,1,1,1
356,India,Alcohol use disorders,2021,16,55-59 years,56,TRUE,2,Female,5,prevalence,0.008296152,0.006112302,0.011000094
356,India,Alcohol use disorders,2021,16,55-59 years,56,TRUE,2,Female,6,incidence,0.003597179,0.002415835,0.005185752
356,India,Alcohol use disorders,2021,16,55-59 years,56,TRUE,2,Female,15,mortality,0.00050238,0.000524675,0.000505833
356,India,Alcohol use disorders,2021,16,55-59 years,56,TRUE,2,Female,7,remission,1,1,1
356,India,Alcohol use disorders,2021,16,55-59 years,57,TRUE,2,Female,5,prevalence,0.008296152,0.006112302,0.011000094
356,India,Alcohol use disorders,2021,16,55-59 years,57,TRUE,2,Female,6,incidence,0.003597179,0.002415835,0.005185752
356,India,Alcohol use disorders,2021,16,55-59 years,57,TRUE,2,Female,15,mortality,0.00050238,0.000524675,0.000505833
356,India,Alcohol use disorders,2021,16,55-59 years,57,TRUE,2,Female,7,remission,1,1,1
356,India,Alcohol use disorders,2021,16,55-59 years,58,TRUE,2,Female,5,prevalence,0.008296152,0.006112302,0.011000094
356,India,Alcohol use disorders,2021,16,55-59 years,58,TRUE,2,Female,6,incidence,0.003597179,0.002415835,0.005185752
356,India,Alcohol use disorders,2021,16,55-59 years,58,TRUE,2,Female,15,mortality,0.00050238,0.000524675,0.000505833
356,India,Alcohol use disorders,2021,16,55-59 years,58,TRUE,2,Female,7,remission,1,1,1
356,India,Alcohol use disorders,2021,16,55-59 years,59,TRUE,2,Female,5,prevalence,0.008296152,0.006112302,0.011000094
356,India,Alcohol use disorders,2021,16,55-59 years,59,TRUE,2,Female,6,incidence,0.003597179,0.002415835,0.005185752
356,India,Alcohol use disorders,2021,16,55-59 years,59,TRUE,2,Female,15,mortality,0.00050238,0.000524675,0.000505833
356,India,Alcohol use disorders,2021,16,55-59 years,59,TRUE,2,Female,7,remission,1,1,1
356,India,Alcohol use disorders,2021,17,60-64 years,60,TRUE,1,Male,5,prevalence,0.031328339,0.022641199,0.041858565
356,India,Alcohol use disorders,2021,17,60-64 years,60,TRUE,1,Male,6,incidence,0.014275874,0.009933355,0.01943463
356,India,Alcohol use disorders,2021,17,60-64 years,60,TRUE,1,Male,15,mortality,0.002323566,0.001741284,0.002179693
356,India,Alcohol use disorders,2021,17,60-64 years,60,TRUE,1,Male,7,remission,1,1,1
356,India,Alcohol use disorders,2021,17,60-64 years,61,TRUE,1,Male,5,prevalence,0.031328339,0.022641199,0.041858565
356,India,Alcohol use disorders,2021,17,60-64 years,61,TRUE,1,Male,6,incidence,0.014275874,0.009933355,0.01943463
356,India,Alcohol use disorders,2021,17,60-64 years,61,TRUE,1,Male,15,mortality,0.002323566,0.001741284,0.002179693
356,India,Alcohol use disorders,2021,17,60-64 years,61,TRUE,1,Male,7,remission,1,1,1
356,India,Alcohol use disorders,2021,17,60-64 years,62,TRUE,1,Male,5,prevalence,0.031328339,0.022641199,0.041858565
356,India,Alcohol use disorders,2021,17,60-64 years,62,TRUE,1,Male,6,incidence,0.014275874,0.009933355,0.01943463
356,India,Alcohol use disorders,2021,17,60-64 years,62,TRUE,1,Male,15,mortality,0.002323566,0.001741284,0.002179693
356,India,Alcohol use disorders,2021,17,60-64 years,62,TRUE,1,Male,7,remission,1,1,1
356,India,Alcohol use disorders,2021,17,60-64 years,63,TRUE,1,Male,5,prevalence,0.031328339,0.022641199,0.041858565
356,India,Alcohol use disorders,2021,17,60-64 years,63,TRUE,1,Male,6,incidence,0.014275874,0.009933355,0.01943463
356,India,Alcohol use disorders,2021,17,60-64 years,63,TRUE,1,Male,15,mortality,0.002323566,0.001741284,0.002179693
356,India,Alcohol use disorders,2021,17,60-64 years,63,TRUE,1,Male,7,remission,1,1,1
356,India,Alcohol use disorders,2021,17,60-64 years,64,TRUE,1,Male,5,prevalence,0.031328339,0.022641199,0.041858565
356,India,Alcohol use disorders,2021,17,60-64 years,64,TRUE,1,Male,6,incidence,0.014275874,0.009933355,0.01943463
356,India,Alcohol use disorders,2021,17,60-64 years,64,TRUE,1,Male,15,mortality,0.002323566,0.001741284,0.002179693
356,India,Alcohol use disorders,2021,17,60-64 years,64,TRUE,1,Male,7,remission,1,1,1
356,India,Alcohol use disorders,2021,17,60-64 years,60,TRUE,2,Female,5,prevalence,0.007748748,0.005338802,0.011121602
356,India,Alcohol use disorders,2021,17,60-64 years,60,TRUE,2,Female,6,incidence,0.003188463,0.002005414,0.004600995
356,India,Alcohol use disorders,2021,17,60-64 years,60,TRUE,2,Female,15,mortality,0.000335224,0.000387843,0.000300183
356,India,Alcohol use disorders,2021,17,60-64 years,60,TRUE,2,Female,7,remission,1,1,1
356,India,Alcohol use disorders,2021,17,60-64 years,61,TRUE,2,Female,5,prevalence,0.007748748,0.005338802,0.011121602
356,India,Alcohol use disorders,2021,17,60-64 years,61,TRUE,2,Female,6,incidence,0.003188463,0.002005414,0.004600995
356,India,Alcohol use disorders,2021,17,60-64 years,61,TRUE,2,Female,15,mortality,0.000335224,0.000387843,0.000300183
356,India,Alcohol use disorders,2021,17,60-64 years,61,TRUE,2,Female,7,remission,1,1,1
356,India,Alcohol use disorders,2021,17,60-64 years,62,TRUE,2,Female,5,prevalence,0.007748748,0.005338802,0.011121602
356,India,Alcohol use disorders,2021,17,60-64 years,62,TRUE,2,Female,6,incidence,0.003188463,0.002005414,0.004600995
356,India,Alcohol use disorders,2021,17,60-64 years,62,TRUE,2,Female,15,mortality,0.000335224,0.000387843,0.000300183
356,India,Alcohol use disorders,2021,17,60-64 years,62,TRUE,2,Female,7,remission,1,1,1
356,India,Alcohol use disorders,2021,17,60-64 years,63,TRUE,2,Female,5,prevalence,0.007748748,0.005338802,0.011121602
356,India,Alcohol use disorders,2021,17,60-64 years,63,TRUE,2,Female,6,incidence,0.003188463,0.002005414,0.004600995
356,India,Alcohol use disorders,2021,17,60-64 years,63,TRUE,2,Female,15,mortality,0.000335224,0.000387843,0.000300183
356,India,Alcohol use disorders,2021,17,60-64 years,63,TRUE,2,Female,7,remission,1,1,1
356,India,Alcohol use disorders,2021,17,60-64 years,64,TRUE,2,Female,5,prevalence,0.007748748,0.005338802,0.011121602
356,India,Alcohol use disorders,2021,17,60-64 years,64,TRUE,2,Female,6,incidence,0.003188463,0.002005414,0.004600995
356,India,Alcohol use disorders,2021,17,60-64 years,64,TRUE,2,Female,15,mortality,0.000335224,0.000387843,0.000300183
356,India,Alcohol use disorders,2021,17,60-64 years,64,TRUE,2,Female,7,remission,1,1,1
356,India,Alcohol use disorders,2021,18,65-69 years,65,TRUE,1,Male,5,prevalence,0.032492928,0.024578161,0.041491504
356,India,Alcohol use disorders,2021,18,65-69 years,65,TRUE,1,Male,6,incidence,0.014349514,0.010200806,0.019221213
356,India,Alcohol use disorders,2021,18,65-69 years,65,TRUE,1,Male,15,mortality,0.002418411,0.001585353,0.002449531
356,India,Alcohol use disorders,2021,18,65-69 years,65,TRUE,1,Male,7,remission,1,1,1
356,India,Alcohol use disorders,2021,18,65-69 years,66,TRUE,1,Male,5,prevalence,0.032492928,0.024578161,0.041491504
356,India,Alcohol use disorders,2021,18,65-69 years,66,TRUE,1,Male,6,incidence,0.014349514,0.010200806,0.019221213
356,India,Alcohol use disorders,2021,18,65-69 years,66,TRUE,1,Male,15,mortality,0.002418411,0.001585353,0.002449531
356,India,Alcohol use disorders,2021,18,65-69 years,66,TRUE,1,Male,7,remission,1,1,1
356,India,Alcohol use disorders,2021,18,65-69 years,67,TRUE,1,Male,5,prevalence,0.032492928,0.024578161,0.041491504
356,India,Alcohol use disorders,2021,18,65-69 years,67,TRUE,1,Male,6,incidence,0.014349514,0.010200806,0.019221213
356,India,Alcohol use disorders,2021,18,65-69 years,67,TRUE,1,Male,15,mortality,0.002418411,0.001585353,0.002449531
356,India,Alcohol use disorders,2021,18,65-69 years,67,TRUE,1,Male,7,remission,1,1,1
356,India,Alcohol use disorders,2021,18,65-69 years,68,TRUE,1,Male,5,prevalence,0.032492928,0.024578161,0.041491504
356,India,Alcohol use disorders,2021,18,65-69 years,68,TRUE,1,Male,6,incidence,0.014349514,0.010200806,0.019221213
356,India,Alcohol use disorders,2021,18,65-69 years,68,TRUE,1,Male,15,mortality,0.002418411,0.001585353,0.002449531
356,India,Alcohol use disorders,2021,18,65-69 years,68,TRUE,1,Male,7,remission,1,1,1
356,India,Alcohol use disorders,2021,18,65-69 years,69,TRUE,1,Male,5,prevalence,0.032492928,0.024578161,0.041491504
356,India,Alcohol use disorders,2021,18,65-69 years,69,TRUE,1,Male,6,incidence,0.014349514,0.010200806,0.019221213
356,India,Alcohol use disorders,2021,18,65-69 years,69,TRUE,1,Male,15,mortality,0.002418411,0.001585353,0.002449531
356,India,Alcohol use disorders,2021,18,65-69 years,69,TRUE,1,Male,7,remission,1,1,1
356,India,Alcohol use disorders,2021,18,65-69 years,65,TRUE,2,Female,5,prevalence,0.007200923,0.005007857,0.009852075
356,India,Alcohol use disorders,2021,18,65-69 years,65,TRUE,2,Female,6,incidence,0.002811533,0.001767719,0.004138723
356,India,Alcohol use disorders,2021,18,65-69 years,65,TRUE,2,Female,15,mortality,0.000906704,0.001021091,0.000882515
356,India,Alcohol use disorders,2021,18,65-69 years,65,TRUE,2,Female,7,remission,1,1,1
356,India,Alcohol use disorders,2021,18,65-69 years,66,TRUE,2,Female,5,prevalence,0.007200923,0.005007857,0.009852075
356,India,Alcohol use disorders,2021,18,65-69 years,66,TRUE,2,Female,6,incidence,0.002811533,0.001767719,0.004138723
356,India,Alcohol use disorders,2021,18,65-69 years,66,TRUE,2,Female,15,mortality,0.000906704,0.001021091,0.000882515
356,India,Alcohol use disorders,2021,18,65-69 years,66,TRUE,2,Female,7,remission,1,1,1
356,India,Alcohol use disorders,2021,18,65-69 years,67,TRUE,2,Female,5,prevalence,0.007200923,0.005007857,0.009852075
356,India,Alcohol use disorders,2021,18,65-69 years,67,TRUE,2,Female,6,incidence,0.002811533,0.001767719,0.004138723
356,India,Alcohol use disorders,2021,18,65-69 years,67,TRUE,2,Female,15,mortality,0.000906704,0.001021091,0.000882515
356,India,Alcohol use disorders,2021,18,65-69 years,67,TRUE,2,Female,7,remission,1,1,1
356,India,Alcohol use disorders,2021,18,65-69 years,68,TRUE,2,Female,5,prevalence,0.007200923,0.005007857,0.009852075
356,India,Alcohol use disorders,2021,18,65-69 years,68,TRUE,2,Female,6,incidence,0.002811533,0.001767719,0.004138723
356,India,Alcohol use disorders,2021,18,65-69 years,68,TRUE,2,Female,15,mortality,0.000906704,0.001021091,0.000882515
356,India,Alcohol use disorders,2021,18,65-69 years,68,TRUE,2,Female,7,remission,1,1,1
356,India,Alcohol use disorders,2021,18,65-69 years,69,TRUE,2,Female,5,prevalence,0.007200923,0.005007857,0.009852075
356,India,Alcohol use disorders,2021,18,65-69 years,69,TRUE,2,Female,6,incidence,0.002811533,0.001767719,0.004138723
356,India,Alcohol use disorders,2021,18,65-69 years,69,TRUE,2,Female,15,mortality,0.000906704,0.001021091,0.000882515
356,India,Alcohol use disorders,2021,18,65-69 years,69,TRUE,2,Female,7,remission,1,1,1
356,India,Alcohol use disorders,2021,19,70-74 years,70,TRUE,1,Male,5,prevalence,0.032444893,0.023432836,0.04396072
356,India,Alcohol use disorders,2021,19,70-74 years,70,TRUE,1,Male,6,incidence,0.012665242,0.008725991,0.01712315
356,India,Alcohol use disorders,2021,19,70-74 years,70,TRUE,1,Male,15,mortality,0.002461993,0.001598526,0.002332346
356,India,Alcohol use disorders,2021,19,70-74 years,70,TRUE,1,Male,7,remission,1,1,1
356,India,Alcohol use disorders,2021,19,70-74 years,71,TRUE,1,Male,5,prevalence,0.032444893,0.023432836,0.04396072
356,India,Alcohol use disorders,2021,19,70-74 years,71,TRUE,1,Male,6,incidence,0.012665242,0.008725991,0.01712315
356,India,Alcohol use disorders,2021,19,70-74 years,71,TRUE,1,Male,15,mortality,0.002461993,0.001598526,0.002332346
356,India,Alcohol use disorders,2021,19,70-74 years,71,TRUE,1,Male,7,remission,1,1,1
356,India,Alcohol use disorders,2021,19,70-74 years,72,TRUE,1,Male,5,prevalence,0.032444893,0.023432836,0.04396072
356,India,Alcohol use disorders,2021,19,70-74 years,72,TRUE,1,Male,6,incidence,0.012665242,0.008725991,0.01712315
356,India,Alcohol use disorders,2021,19,70-74 years,72,TRUE,1,Male,15,mortality,0.002461993,0.001598526,0.002332346
356,India,Alcohol use disorders,2021,19,70-74 years,72,TRUE,1,Male,7,remission,1,1,1
356,India,Alcohol use disorders,2021,19,70-74 years,73,TRUE,1,Male,5,prevalence,0.032444893,0.023432836,0.04396072
356,India,Alcohol use disorders,2021,19,70-74 years,73,TRUE,1,Male,6,incidence,0.012665242,0.008725991,0.01712315
356,India,Alcohol use disorders,2021,19,70-74 years,73,TRUE,1,Male,15,mortality,0.002461993,0.001598526,0.002332346
356,India,Alcohol use disorders,2021,19,70-74 years,73,TRUE,1,Male,7,remission,1,1,1
356,India,Alcohol use disorders,2021,19,70-74 years,74,TRUE,1,Male,5,prevalence,0.032444893,0.023432836,0.04396072
356,India,Alcohol use disorders,2021,19,70-74 years,74,TRUE,1,Male,6,incidence,0.012665242,0.008725991,0.01712315
356,India,Alcohol use disorders,2021,19,70-74 years,74,TRUE,1,Male,15,mortality,0.002461993,0.001598526,0.002332346
356,India,Alcohol use disorders,2021,19,70-74 years,74,TRUE,1,Male,7,remission,1,1,1
356,India,Alcohol use disorders,2021,19,70-74 years,70,TRUE,2,Female,5,prevalence,0.00694628,0.004416378,0.01001104
356,India,Alcohol use disorders,2021,19,70-74 years,70,TRUE,2,Female,6,incidence,0.002697771,0.001586977,0.003919953
356,India,Alcohol use disorders,2021,19,70-74 years,70,TRUE,2,Female,15,mortality,0.000306089,0.00038011,0.000280336
356,India,Alcohol use disorders,2021,19,70-74 years,70,TRUE,2,Female,7,remission,1,1,1
356,India,Alcohol use disorders,2021,19,70-74 years,71,TRUE,2,Female,5,prevalence,0.00694628,0.004416378,0.01001104
356,India,Alcohol use disorders,2021,19,70-74 years,71,TRUE,2,Female,6,incidence,0.002697771,0.001586977,0.003919953
356,India,Alcohol use disorders,2021,19,70-74 years,71,TRUE,2,Female,15,mortality,0.000306089,0.00038011,0.000280336
356,India,Alcohol use disorders,2021,19,70-74 years,71,TRUE,2,Female,7,remission,1,1,1
356,India,Alcohol use disorders,2021,19,70-74 years,72,TRUE,2,Female,5,prevalence,0.00694628,0.004416378,0.01001104
356,India,Alcohol use disorders,2021,19,70-74 years,72,TRUE,2,Female,6,incidence,0.002697771,0.001586977,0.003919953
356,India,Alcohol use disorders,2021,19,70-74 years,72,TRUE,2,Female,15,mortality,0.000306089,0.00038011,0.000280336
356,India,Alcohol use disorders,2021,19,70-74 years,72,TRUE,2,Female,7,remission,1,1,1
356,India,Alcohol use disorders,2021,19,70-74 years,73,TRUE,2,Female,5,prevalence,0.00694628,0.004416378,0.01001104
356,India,Alcohol use disorders,2021,19,70-74 years,73,TRUE,2,Female,6,incidence,0.002697771,0.001586977,0.003919953
356,India,Alcohol use disorders,2021,19,70-74 years,73,TRUE,2,Female,15,mortality,0.000306089,0.00038011,0.000280336
356,India,Alcohol use disorders,2021,19,70-74 years,73,TRUE,2,Female,7,remission,1,1,1
356,India,Alcohol use disorders,2021,19,70-74 years,74,TRUE,2,Female,5,prevalence,0.00694628,0.004416378,0.01001104
356,India,Alcohol use disorders,2021,19,70-74 years,74,TRUE,2,Female,6,incidence,0.002697771,0.001586977,0.003919953
356,India,Alcohol use disorders,2021,19,70-74 years,74,TRUE,2,Female,15,mortality,0.000306089,0.00038011,0.000280336
356,India,Alcohol use disorders,2021,19,70-74 years,74,TRUE,2,Female,7,remission,1,1,1
356,India,Alcohol use disorders,2021,20,75-79 years,75,TRUE,1,Male,5,prevalence,0.027532187,0.020579247,0.035762339
356,India,Alcohol use disorders,2021,20,75-79 years,75,TRUE,1,Male,6,incidence,0.00928451,0.006376533,0.012567004
356,India,Alcohol use disorders,2021,20,75-79 years,75,TRUE,1,Male,15,mortality,0.004316971,0.003144639,0.004206447
356,India,Alcohol use disorders,2021,20,75-79 years,75,TRUE,1,Male,7,remission,1,1,1
356,India,Alcohol use disorders,2021,20,75-79 years,76,TRUE,1,Male,5,prevalence,0.027532187,0.020579247,0.035762339
356,India,Alcohol use disorders,2021,20,75-79 years,76,TRUE,1,Male,6,incidence,0.00928451,0.006376533,0.012567004
356,India,Alcohol use disorders,2021,20,75-79 years,76,TRUE,1,Male,15,mortality,0.004316971,0.003144639,0.004206447
356,India,Alcohol use disorders,2021,20,75-79 years,76,TRUE,1,Male,7,remission,1,1,1
356,India,Alcohol use disorders,2021,20,75-79 years,77,TRUE,1,Male,5,prevalence,0.027532187,0.020579247,0.035762339
356,India,Alcohol use disorders,2021,20,75-79 years,77,TRUE,1,Male,6,incidence,0.00928451,0.006376533,0.012567004
356,India,Alcohol use disorders,2021,20,75-79 years,77,TRUE,1,Male,15,mortality,0.004316971,0.003144639,0.004206447
356,India,Alcohol use disorders,2021,20,75-79 years,77,TRUE,1,Male,7,remission,1,1,1
356,India,Alcohol use disorders,2021,20,75-79 years,78,TRUE,1,Male,5,prevalence,0.027532187,0.020579247,0.035762339
356,India,Alcohol use disorders,2021,20,75-79 years,78,TRUE,1,Male,6,incidence,0.00928451,0.006376533,0.012567004
356,India,Alcohol use disorders,2021,20,75-79 years,78,TRUE,1,Male,15,mortality,0.004316971,0.003144639,0.004206447
356,India,Alcohol use disorders,2021,20,75-79 years,78,TRUE,1,Male,7,remission,1,1,1
356,India,Alcohol use disorders,2021,20,75-79 years,79,TRUE,1,Male,5,prevalence,0.027532187,0.020579247,0.035762339
356,India,Alcohol use disorders,2021,20,75-79 years,79,TRUE,1,Male,6,incidence,0.00928451,0.006376533,0.012567004
356,India,Alcohol use disorders,2021,20,75-79 years,79,TRUE,1,Male,15,mortality,0.004316971,0.003144639,0.004206447
356,India,Alcohol use disorders,2021,20,75-79 years,79,TRUE,1,Male,7,remission,1,1,1
356,India,Alcohol use disorders,2021,20,75-79 years,75,TRUE,2,Female,5,prevalence,0.007542502,0.005105731,0.01029718
356,India,Alcohol use disorders,2021,20,75-79 years,75,TRUE,2,Female,6,incidence,0.002839978,0.001785269,0.004047382
356,India,Alcohol use disorders,2021,20,75-79 years,75,TRUE,2,Female,15,mortality,0.000132799,0.00015677,0.000126068
356,India,Alcohol use disorders,2021,20,75-79 years,75,TRUE,2,Female,7,remission,1,1,1
356,India,Alcohol use disorders,2021,20,75-79 years,76,TRUE,2,Female,5,prevalence,0.007542502,0.005105731,0.01029718
356,India,Alcohol use disorders,2021,20,75-79 years,76,TRUE,2,Female,6,incidence,0.002839978,0.001785269,0.004047382
356,India,Alcohol use disorders,2021,20,75-79 years,76,TRUE,2,Female,15,mortality,0.000132799,0.00015677,0.000126068
356,India,Alcohol use disorders,2021,20,75-79 years,76,TRUE,2,Female,7,remission,1,1,1
356,India,Alcohol use disorders,2021,20,75-79 years,77,TRUE,2,Female,5,prevalence,0.007542502,0.005105731,0.01029718
356,India,Alcohol use disorders,2021,20,75-79 years,77,TRUE,2,Female,6,incidence,0.002839978,0.001785269,0.004047382
356,India,Alcohol use disorders,2021,20,75-79 years,77,TRUE,2,Female,15,mortality,0.000132799,0.00015677,0.000126068
356,India,Alcohol use disorders,2021,20,75-79 years,77,TRUE,2,Female,7,remission,1,1,1
356,India,Alcohol use disorders,2021,20,75-79 years,78,TRUE,2,Female,5,prevalence,0.007542502,0.005105731,0.01029718
356,India,Alcohol use disorders,2021,20,75-79 years,78,TRUE,2,Female,6,incidence,0.002839978,0.001785269,0.004047382
356,India,Alcohol use disorders,2021,20,75-79 years,78,TRUE,2,Female,15,mortality,0.000132799,0.00015677,0.000126068
356,India,Alcohol use disorders,2021,20,75-79 years,78,TRUE,2,Female,7,remission,1,1,1
356,India,Alcohol use disorders,2021,20,75-79 years,79,TRUE,2,Female,5,prevalence,0.007542502,0.005105731,0.01029718
356,India,Alcohol use disorders,2021,20,75-79 years,79,TRUE,2,Female,6,incidence,0.002839978,0.001785269,0.004047382
356,India,Alcohol use disorders,2021,20,75-79 years,79,TRUE,2,Female,15,mortality,0.000132799,0.00015677,0.000126068
356,India,Alcohol use disorders,2021,20,75-79 years,79,TRUE,2,Female,7,remission,1,1,1
356,India,Alcohol use disorders,2021,30,80-84 years,80,TRUE,1,Male,5,prevalence,0.022284895,0.015571905,0.029721771
356,India,Alcohol use disorders,2021,30,80-84 years,80,TRUE,1,Male,6,incidence,0.00728434,0.004780855,0.010633066
356,India,Alcohol use disorders,2021,30,80-84 years,80,TRUE,1,Male,15,mortality,0.002707968,0.00188561,0.002498613
356,India,Alcohol use disorders,2021,30,80-84 years,80,TRUE,1,Male,7,remission,1,1,1
356,India,Alcohol use disorders,2021,30,80-84 years,81,TRUE,1,Male,5,prevalence,0.022284895,0.015571905,0.029721771
356,India,Alcohol use disorders,2021,30,80-84 years,81,TRUE,1,Male,6,incidence,0.00728434,0.004780855,0.010633066
356,India,Alcohol use disorders,2021,30,80-84 years,81,TRUE,1,Male,15,mortality,0.002707968,0.00188561,0.002498613
356,India,Alcohol use disorders,2021,30,80-84 years,81,TRUE,1,Male,7,remission,1,1,1
356,India,Alcohol use disorders,2021,30,80-84 years,82,TRUE,1,Male,5,prevalence,0.022284895,0.015571905,0.029721771
356,India,Alcohol use disorders,2021,30,80-84 years,82,TRUE,1,Male,6,incidence,0.00728434,0.004780855,0.010633066
356,India,Alcohol use disorders,2021,30,80-84 years,82,TRUE,1,Male,15,mortality,0.002707968,0.00188561,0.002498613
356,India,Alcohol use disorders,2021,30,80-84 years,82,TRUE,1,Male,7,remission,1,1,1
356,India,Alcohol use disorders,2021,30,80-84 years,83,TRUE,1,Male,5,prevalence,0.022284895,0.015571905,0.029721771
356,India,Alcohol use disorders,2021,30,80-84 years,83,TRUE,1,Male,6,incidence,0.00728434,0.004780855,0.010633066
356,India,Alcohol use disorders,2021,30,80-84 years,83,TRUE,1,Male,15,mortality,0.002707968,0.00188561,0.002498613
356,India,Alcohol use disorders,2021,30,80-84 years,83,TRUE,1,Male,7,remission,1,1,1
356,India,Alcohol use disorders,2021,30,80-84 years,84,TRUE,1,Male,5,prevalence,0.022284895,0.015571905,0.029721771
356,India,Alcohol use disorders,2021,30,80-84 years,84,TRUE,1,Male,6,incidence,0.00728434,0.004780855,0.010633066
356,India,Alcohol use disorders,2021,30,80-84 years,84,TRUE,1,Male,15,mortality,0.002707968,0.00188561,0.002498613
356,India,Alcohol use disorders,2021,30,80-84 years,84,TRUE,1,Male,7,remission,1,1,1
356,India,Alcohol use disorders,2021,30,80-84 years,80,TRUE,2,Female,5,prevalence,0.008567451,0.005735446,0.011761173
356,India,Alcohol use disorders,2021,30,80-84 years,80,TRUE,2,Female,6,incidence,0.003038573,0.002019347,0.004347688
356,India,Alcohol use disorders,2021,30,80-84 years,80,TRUE,2,Female,15,mortality,0.000447406,0.000524301,0.000405141
356,India,Alcohol use disorders,2021,30,80-84 years,80,TRUE,2,Female,7,remission,1,1,1
356,India,Alcohol use disorders,2021,30,80-84 years,81,TRUE,2,Female,5,prevalence,0.008567451,0.005735446,0.011761173
356,India,Alcohol use disorders,2021,30,80-84 years,81,TRUE,2,Female,6,incidence,0.003038573,0.002019347,0.004347688
356,India,Alcohol use disorders,2021,30,80-84 years,81,TRUE,2,Female,15,mortality,0.000447406,0.000524301,0.000405141
356,India,Alcohol use disorders,2021,30,80-84 years,81,TRUE,2,Female,7,remission,1,1,1
356,India,Alcohol use disorders,2021,30,80-84 years,82,TRUE,2,Female,5,prevalence,0.008567451,0.005735446,0.011761173
356,India,Alcohol use disorders,2021,30,80-84 years,82,TRUE,2,Female,6,incidence,0.003038573,0.002019347,0.004347688
356,India,Alcohol use disorders,2021,30,80-84 years,82,TRUE,2,Female,15,mortality,0.000447406,0.000524301,0.000405141
356,India,Alcohol use disorders,2021,30,80-84 years,82,TRUE,2,Female,7,remission,1,1,1
356,India,Alcohol use disorders,2021,30,80-84 years,83,TRUE,2,Female,5,prevalence,0.008567451,0.005735446,0.011761173
356,India,Alcohol use disorders,2021,30,80-84 years,83,TRUE,2,Female,6,incidence,0.003038573,0.002019347,0.004347688
356,India,Alcohol use disorders,2021,30,80-84 years,83,TRUE,2,Female,15,mortality,0.000447406,0.000524301,0.000405141
356,India,Alcohol use disorders,2021,30,80-84 years,83,TRUE,2,Female,7,remission,1,1,1
356,India,Alcohol use disorders,2021,30,80-84 years,84,TRUE,2,Female,5,prevalence,0.008567451,0.005735446,0.011761173
356,India,Alcohol use disorders,2021,30,80-84 years,84,TRUE,2,Female,6,incidence,0.003038573,0.002019347,0.004347688
356,India,Alcohol use disorders,2021,30,80-84 years,84,TRUE,2,Female,15,mortality,0.000447406,0.000524301,0.000405141
356,India,Alcohol use disorders,2021,30,80-84 years,84,TRUE,2,Female,7,remission,1,1,1
356,India,Alcohol use disorders,2021,31,85-89 years,85,TRUE,1,Male,5,prevalence,0.020915312,0.015154039,0.027485551
356,India,Alcohol use disorders,2021,31,85-89 years,85,TRUE,1,Male,6,incidence,0.0066862,0.004376355,0.009699714
356,India,Alcohol use disorders,2021,31,85-89 years,85,TRUE,1,Male,15,mortality,0.002595058,0.002052192,0.002395645
356,India,Alcohol use disorders,2021,31,85-89 years,85,TRUE,1,Male,7,remission,1,1,1
356,India,Alcohol use disorders,2021,31,85-89 years,86,TRUE,1,Male,5,prevalence,0.020915312,0.015154039,0.027485551
356,India,Alcohol use disorders,2021,31,85-89 years,86,TRUE,1,Male,6,incidence,0.0066862,0.004376355,0.009699714
356,India,Alcohol use disorders,2021,31,85-89 years,86,TRUE,1,Male,15,mortality,0.002595058,0.002052192,0.002395645
356,India,Alcohol use disorders,2021,31,85-89 years,86,TRUE,1,Male,7,remission,1,1,1
356,India,Alcohol use disorders,2021,31,85-89 years,87,TRUE,1,Male,5,prevalence,0.020915312,0.015154039,0.027485551
356,India,Alcohol use disorders,2021,31,85-89 years,87,TRUE,1,Male,6,incidence,0.0066862,0.004376355,0.009699714
356,India,Alcohol use disorders,2021,31,85-89 years,87,TRUE,1,Male,15,mortality,0.002595058,0.002052192,0.002395645
356,India,Alcohol use disorders,2021,31,85-89 years,87,TRUE,1,Male,7,remission,1,1,1
356,India,Alcohol use disorders,2021,31,85-89 years,88,TRUE,1,Male,5,prevalence,0.020915312,0.015154039,0.027485551
356,India,Alcohol use disorders,2021,31,85-89 years,88,TRUE,1,Male,6,incidence,0.0066862,0.004376355,0.009699714
356,India,Alcohol use disorders,2021,31,85-89 years,88,TRUE,1,Male,15,mortality,0.002595058,0.002052192,0.002395645
356,India,Alcohol use disorders,2021,31,85-89 years,88,TRUE,1,Male,7,remission,1,1,1
356,India,Alcohol use disorders,2021,31,85-89 years,89,TRUE,1,Male,5,prevalence,0.020915312,0.015154039,0.027485551
356,India,Alcohol use disorders,2021,31,85-89 years,89,TRUE,1,Male,6,incidence,0.0066862,0.004376355,0.009699714
356,India,Alcohol use disorders,2021,31,85-89 years,89,TRUE,1,Male,15,mortality,0.002595058,0.002052192,0.002395645
356,India,Alcohol use disorders,2021,31,85-89 years,89,TRUE,1,Male,7,remission,1,1,1
356,India,Alcohol use disorders,2021,31,85-89 years,85,TRUE,2,Female,5,prevalence,0.010037031,0.007056399,0.013437521
356,India,Alcohol use disorders,2021,31,85-89 years,85,TRUE,2,Female,6,incidence,0.003298141,0.001995466,0.005121594
356,India,Alcohol use disorders,2021,31,85-89 years,85,TRUE,2,Female,15,mortality,0.000293035,0.000325239,0.000271829
356,India,Alcohol use disorders,2021,31,85-89 years,85,TRUE,2,Female,7,remission,1,1,1
356,India,Alcohol use disorders,2021,31,85-89 years,86,TRUE,2,Female,5,prevalence,0.010037031,0.007056399,0.013437521
356,India,Alcohol use disorders,2021,31,85-89 years,86,TRUE,2,Female,6,incidence,0.003298141,0.001995466,0.005121594
356,India,Alcohol use disorders,2021,31,85-89 years,86,TRUE,2,Female,15,mortality,0.000293035,0.000325239,0.000271829
356,India,Alcohol use disorders,2021,31,85-89 years,86,TRUE,2,Female,7,remission,1,1,1
356,India,Alcohol use disorders,2021,31,85-89 years,87,TRUE,2,Female,5,prevalence,0.010037031,0.007056399,0.013437521
356,India,Alcohol use disorders,2021,31,85-89 years,87,TRUE,2,Female,6,incidence,0.003298141,0.001995466,0.005121594
356,India,Alcohol use disorders,2021,31,85-89 years,87,TRUE,2,Female,15,mortality,0.000293035,0.000325239,0.000271829
356,India,Alcohol use disorders,2021,31,85-89 years,87,TRUE,2,Female,7,remission,1,1,1
356,India,Alcohol use disorders,2021,31,85-89 years,88,TRUE,2,Female,5,prevalence,0.010037031,0.007056399,0.013437521
356,India,Alcohol use disorders,2021,31,85-89 years,88,TRUE,2,Female,6,incidence,0.003298141,0.001995466,0.005121594
356,India,Alcohol use disorders,2021,31,85-89 years,88,TRUE,2,Female,15,mortality,0.000293035,0.000325239,0.000271829
356,India,Alcohol use disorders,2021,31,85-89 years,88,TRUE,2,Female,7,remission,1,1,1
356,India,Alcohol use disorders,2021,31,85-89 years,89,TRUE,2,Female,5,prevalence,0.010037031,0.007056399,0.013437521
356,India,Alcohol use disorders,2021,31,85-89 years,89,TRUE,2,Female,6,incidence,0.003298141,0.001995466,0.005121594
356,India,Alcohol use disorders,2021,31,85-89 years,89,TRUE,2,Female,15,mortality,0.000293035,0.000325239,0.000271829
356,India,Alcohol use disorders,2021,31,85-89 years,89,TRUE,2,Female,7,remission,1,1,1
356,India,Alcohol use disorders,2021,32,90-94 years,90,TRUE,1,Male,5,prevalence,0.022968343,0.015345703,0.032552183
356,India,Alcohol use disorders,2021,32,90-94 years,90,TRUE,1,Male,6,incidence,0.007705864,0.005116665,0.010937899
356,India,Alcohol use disorders,2021,32,90-94 years,90,TRUE,1,Male,15,mortality,0.002446221,0.001853796,0.00214061
356,India,Alcohol use disorders,2021,32,90-94 years,90,TRUE,1,Male,7,remission,1,1,1
356,India,Alcohol use disorders,2021,32,90-94 years,91,TRUE,1,Male,5,prevalence,0.022968343,0.015345703,0.032552183
356,India,Alcohol use disorders,2021,32,90-94 years,91,TRUE,1,Male,6,incidence,0.007705864,0.005116665,0.010937899
356,India,Alcohol use disorders,2021,32,90-94 years,91,TRUE,1,Male,15,mortality,0.002446221,0.001853796,0.00214061
356,India,Alcohol use disorders,2021,32,90-94 years,91,TRUE,1,Male,7,remission,1,1,1
356,India,Alcohol use disorders,2021,32,90-94 years,92,TRUE,1,Male,5,prevalence,0.022968343,0.015345703,0.032552183
356,India,Alcohol use disorders,2021,32,90-94 years,92,TRUE,1,Male,6,incidence,0.007705864,0.005116665,0.010937899
356,India,Alcohol use disorders,2021,32,90-94 years,92,TRUE,1,Male,15,mortality,0.002446221,0.001853796,0.00214061
356,India,Alcohol use disorders,2021,32,90-94 years,92,TRUE,1,Male,7,remission,1,1,1
356,India,Alcohol use disorders,2021,32,90-94 years,93,TRUE,1,Male,5,prevalence,0.022968343,0.015345703,0.032552183
356,India,Alcohol use disorders,2021,32,90-94 years,93,TRUE,1,Male,6,incidence,0.007705864,0.005116665,0.010937899
356,India,Alcohol use disorders,2021,32,90-94 years,93,TRUE,1,Male,15,mortality,0.002446221,0.001853796,0.00214061
356,India,Alcohol use disorders,2021,32,90-94 years,93,TRUE,1,Male,7,remission,1,1,1
356,India,Alcohol use disorders,2021,32,90-94 years,94,TRUE,1,Male,5,prevalence,0.022968343,0.015345703,0.032552183
356,India,Alcohol use disorders,2021,32,90-94 years,94,TRUE,1,Male,6,incidence,0.007705864,0.005116665,0.010937899
356,India,Alcohol use disorders,2021,32,90-94 years,94,TRUE,1,Male,15,mortality,0.002446221,0.001853796,0.00214061
356,India,Alcohol use disorders,2021,32,90-94 years,94,TRUE,1,Male,7,remission,1,1,1
356,India,Alcohol use disorders,2021,32,90-94 years,90,TRUE,2,Female,5,prevalence,0.012089832,0.007503585,0.017775253
356,India,Alcohol use disorders,2021,32,90-94 years,90,TRUE,2,Female,6,incidence,0.003655168,0.002305543,0.005465923
356,India,Alcohol use disorders,2021,32,90-94 years,90,TRUE,2,Female,15,mortality,0.000277927,0.000343079,0.00023677
356,India,Alcohol use disorders,2021,32,90-94 years,90,TRUE,2,Female,7,remission,1,1,1
356,India,Alcohol use disorders,2021,32,90-94 years,91,TRUE,2,Female,5,prevalence,0.012089832,0.007503585,0.017775253
356,India,Alcohol use disorders,2021,32,90-94 years,91,TRUE,2,Female,6,incidence,0.003655168,0.002305543,0.005465923
356,India,Alcohol use disorders,2021,32,90-94 years,91,TRUE,2,Female,15,mortality,0.000277927,0.000343079,0.00023677
356,India,Alcohol use disorders,2021,32,90-94 years,91,TRUE,2,Female,7,remission,1,1,1
356,India,Alcohol use disorders,2021,32,90-94 years,92,TRUE,2,Female,5,prevalence,0.012089832,0.007503585,0.017775253
356,India,Alcohol use disorders,2021,32,90-94 years,92,TRUE,2,Female,6,incidence,0.003655168,0.002305543,0.005465923
356,India,Alcohol use disorders,2021,32,90-94 years,92,TRUE,2,Female,15,mortality,0.000277927,0.000343079,0.00023677
356,India,Alcohol use disorders,2021,32,90-94 years,92,TRUE,2,Female,7,remission,1,1,1
356,India,Alcohol use disorders,2021,32,90-94 years,93,TRUE,2,Female,5,prevalence,0.012089832,0.007503585,0.017775253
356,India,Alcohol use disorders,2021,32,90-94 years,93,TRUE,2,Female,6,incidence,0.003655168,0.002305543,0.005465923
356,India,Alcohol use disorders,2021,32,90-94 years,93,TRUE,2,Female,15,mortality,0.000277927,0.000343079,0.00023677
356,India,Alcohol use disorders,2021,32,90-94 years,93,TRUE,2,Female,7,remission,1,1,1
356,India,Alcohol use disorders,2021,32,90-94 years,94,TRUE,2,Female,5,prevalence,0.012089832,0.007503585,0.017775253
356,India,Alcohol use disorders,2021,32,90-94 years,94,TRUE,2,Female,6,incidence,0.003655168,0.002305543,0.005465923
356,India,Alcohol use disorders,2021,32,90-94 years,94,TRUE,2,Female,15,mortality,0.000277927,0.000343079,0.00023677
356,India,Alcohol use disorders,2021,32,90-94 years,94,TRUE,2,Female,7,remission,1,1,1
356,India,Alcohol use disorders,2021,235,95+ years,95,TRUE,1,Male,5,prevalence,0.034084373,0.022380151,0.048388827
356,India,Alcohol use disorders,2021,235,95+ years,95,TRUE,1,Male,6,incidence,0.010542186,0.005873667,0.016977403
356,India,Alcohol use disorders,2021,235,95+ years,95,TRUE,1,Male,15,mortality,0.00270144,0.001920194,0.002394736
356,India,Alcohol use disorders,2021,235,95+ years,95,TRUE,1,Male,7,remission,1,1,1
356,India,Alcohol use disorders,2021,235,95+ years,96,TRUE,1,Male,5,prevalence,0.034084373,0.022380151,0.048388827
356,India,Alcohol use disorders,2021,235,95+ years,96,TRUE,1,Male,6,incidence,0.010542186,0.005873667,0.016977403
356,India,Alcohol use disorders,2021,235,95+ years,96,TRUE,1,Male,15,mortality,0.00270144,0.001920194,0.002394736
356,India,Alcohol use disorders,2021,235,95+ years,96,TRUE,1,Male,7,remission,1,1,1
356,India,Alcohol use disorders,2021,235,95+ years,97,TRUE,1,Male,5,prevalence,0.034084373,0.022380151,0.048388827
356,India,Alcohol use disorders,2021,235,95+ years,97,TRUE,1,Male,6,incidence,0.010542186,0.005873667,0.016977403
356,India,Alcohol use disorders,2021,235,95+ years,97,TRUE,1,Male,15,mortality,0.00270144,0.001920194,0.002394736
356,India,Alcohol use disorders,2021,235,95+ years,97,TRUE,1,Male,7,remission,1,1,1
356,India,Alcohol use disorders,2021,235,95+ years,98,TRUE,1,Male,5,prevalence,0.034084373,0.022380151,0.048388827
356,India,Alcohol use disorders,2021,235,95+ years,98,TRUE,1,Male,6,incidence,0.010542186,0.005873667,0.016977403
356,India,Alcohol use disorders,2021,235,95+ years,98,TRUE,1,Male,15,mortality,0.00270144,0.001920194,0.002394736
356,India,Alcohol use disorders,2021,235,95+ years,98,TRUE,1,Male,7,remission,1,1,1
356,India,Alcohol use disorders,2021,235,95+ years,99,TRUE,1,Male,5,prevalence,0.034084373,0.022380151,0.048388827
356,India,Alcohol use disorders,2021,235,95+ years,99,TRUE,1,Male,6,incidence,0.010542186,0.005873667,0.016977403
356,India,Alcohol use disorders,2021,235,95+ years,99,TRUE,1,Male,15,mortality,0.00270144,0.001920194,0.002394736
356,India,Alcohol use disorders,2021,235,95+ years,99,TRUE,1,Male,7,remission,1,1,1
356,India,Alcohol use disorders,2021,235,95+ years,100,TRUE,1,Male,5,prevalence,0.034084373,0.022380151,0.048388827
356,India,Alcohol use disorders,2021,235,95+ years,100,TRUE,1,Male,6,incidence,0.010542186,0.005873667,0.016977403
356,India,Alcohol use disorders,2021,235,95+ years,100,TRUE,1,Male,15,mortality,0.00270144,0.001920194,0.002394736
356,India,Alcohol use disorders,2021,235,95+ years,100,TRUE,1,Male,7,remission,1,1,1
356,India,Alcohol use disorders,2021,235,95+ years,101,TRUE,1,Male,5,prevalence,0.034084373,0.022380151,0.048388827
356,India,Alcohol use disorders,2021,235,95+ years,101,TRUE,1,Male,6,incidence,0.010542186,0.005873667,0.016977403
356,India,Alcohol use disorders,2021,235,95+ years,101,TRUE,1,Male,15,mortality,0.00270144,0.001920194,0.002394736
356,India,Alcohol use disorders,2021,235,95+ years,101,TRUE,1,Male,7,remission,1,1,1
356,India,Alcohol use disorders,2021,235,95+ years,102,TRUE,1,Male,5,prevalence,0.034084373,0.022380151,0.048388827
356,India,Alcohol use disorders,2021,235,95+ years,102,TRUE,1,Male,6,incidence,0.010542186,0.005873667,0.016977403
356,India,Alcohol use disorders,2021,235,95+ years,102,TRUE,1,Male,15,mortality,0.00270144,0.001920194,0.002394736
356,India,Alcohol use disorders,2021,235,95+ years,102,TRUE,1,Male,7,remission,1,1,1
356,India,Alcohol use disorders,2021,235,95+ years,103,TRUE,1,Male,5,prevalence,0.034084373,0.022380151,0.048388827
356,India,Alcohol use disorders,2021,235,95+ years,103,TRUE,1,Male,6,incidence,0.010542186,0.005873667,0.016977403
356,India,Alcohol use disorders,2021,235,95+ years,103,TRUE,1,Male,15,mortality,0.00270144,0.001920194,0.002394736
356,India,Alcohol use disorders,2021,235,95+ years,103,TRUE,1,Male,7,remission,1,1,1
356,India,Alcohol use disorders,2021,235,95+ years,104,TRUE,1,Male,5,prevalence,0.034084373,0.022380151,0.048388827
356,India,Alcohol use disorders,2021,235,95+ years,104,TRUE,1,Male,6,incidence,0.010542186,0.005873667,0.016977403
356,India,Alcohol use disorders,2021,235,95+ years,104,TRUE,1,Male,15,mortality,0.00270144,0.001920194,0.002394736
356,India,Alcohol use disorders,2021,235,95+ years,104,TRUE,1,Male,7,remission,1,1,1
356,India,Alcohol use disorders,2021,235,95+ years,105,TRUE,1,Male,5,prevalence,0.034084373,0.022380151,0.048388827
356,India,Alcohol use disorders,2021,235,95+ years,105,TRUE,1,Male,6,incidence,0.010542186,0.005873667,0.016977403
356,India,Alcohol use disorders,2021,235,95+ years,105,TRUE,1,Male,15,mortality,0.00270144,0.001920194,0.002394736
356,India,Alcohol use disorders,2021,235,95+ years,105,TRUE,1,Male,7,remission,1,1,1
356,India,Alcohol use disorders,2021,235,95+ years,106,TRUE,1,Male,5,prevalence,0.034084373,0.022380151,0.048388827
356,India,Alcohol use disorders,2021,235,95+ years,106,TRUE,1,Male,6,incidence,0.010542186,0.005873667,0.016977403
356,India,Alcohol use disorders,2021,235,95+ years,106,TRUE,1,Male,15,mortality,0.00270144,0.001920194,0.002394736
356,India,Alcohol use disorders,2021,235,95+ years,106,TRUE,1,Male,7,remission,1,1,1
356,India,Alcohol use disorders,2021,235,95+ years,107,TRUE,1,Male,5,prevalence,0.034084373,0.022380151,0.048388827
356,India,Alcohol use disorders,2021,235,95+ years,107,TRUE,1,Male,6,incidence,0.010542186,0.005873667,0.016977403
356,India,Alcohol use disorders,2021,235,95+ years,107,TRUE,1,Male,15,mortality,0.00270144,0.001920194,0.002394736
356,India,Alcohol use disorders,2021,235,95+ years,107,TRUE,1,Male,7,remission,1,1,1
356,India,Alcohol use disorders,2021,235,95+ years,108,TRUE,1,Male,5,prevalence,0.034084373,0.022380151,0.048388827
356,India,Alcohol use disorders,2021,235,95+ years,108,TRUE,1,Male,6,incidence,0.010542186,0.005873667,0.016977403
356,India,Alcohol use disorders,2021,235,95+ years,108,TRUE,1,Male,15,mortality,0.00270144,0.001920194,0.002394736
356,India,Alcohol use disorders,2021,235,95+ years,108,TRUE,1,Male,7,remission,1,1,1
356,India,Alcohol use disorders,2021,235,95+ years,109,TRUE,1,Male,5,prevalence,0.034084373,0.022380151,0.048388827
356,India,Alcohol use disorders,2021,235,95+ years,109,TRUE,1,Male,6,incidence,0.010542186,0.005873667,0.016977403
356,India,Alcohol use disorders,2021,235,95+ years,109,TRUE,1,Male,15,mortality,0.00270144,0.001920194,0.002394736
356,India,Alcohol use disorders,2021,235,95+ years,109,TRUE,1,Male,7,remission,1,1,1
356,India,Alcohol use disorders,2021,235,95+ years,110,TRUE,1,Male,5,prevalence,0.034084373,0.022380151,0.048388827
356,India,Alcohol use disorders,2021,235,95+ years,110,TRUE,1,Male,6,incidence,0.010542186,0.005873667,0.016977403
356,India,Alcohol use disorders,2021,235,95+ years,110,TRUE,1,Male,15,mortality,0.00270144,0.001920194,0.002394736
356,India,Alcohol use disorders,2021,235,95+ years,110,TRUE,1,Male,7,remission,1,1,1
356,India,Alcohol use disorders,2021,235,95+ years,95,TRUE,2,Female,5,prevalence,0.015715899,0.010261398,0.023834293
356,India,Alcohol use disorders,2021,235,95+ years,95,TRUE,2,Female,6,incidence,0.004137002,0.002114318,0.00738442
356,India,Alcohol use disorders,2021,235,95+ years,95,TRUE,2,Female,15,mortality,0.000256258,0.000285123,0.000217821
356,India,Alcohol use disorders,2021,235,95+ years,95,TRUE,2,Female,7,remission,1,1,1
356,India,Alcohol use disorders,2021,235,95+ years,96,TRUE,2,Female,5,prevalence,0.015715899,0.010261398,0.023834293
356,India,Alcohol use disorders,2021,235,95+ years,96,TRUE,2,Female,6,incidence,0.004137002,0.002114318,0.00738442
356,India,Alcohol use disorders,2021,235,95+ years,96,TRUE,2,Female,15,mortality,0.000256258,0.000285123,0.000217821
356,India,Alcohol use disorders,2021,235,95+ years,96,TRUE,2,Female,7,remission,1,1,1
356,India,Alcohol use disorders,2021,235,95+ years,97,TRUE,2,Female,5,prevalence,0.015715899,0.010261398,0.023834293
356,India,Alcohol use disorders,2021,235,95+ years,97,TRUE,2,Female,6,incidence,0.004137002,0.002114318,0.00738442
356,India,Alcohol use disorders,2021,235,95+ years,97,TRUE,2,Female,15,mortality,0.000256258,0.000285123,0.000217821
356,India,Alcohol use disorders,2021,235,95+ years,97,TRUE,2,Female,7,remission,1,1,1
356,India,Alcohol use disorders,2021,235,95+ years,98,TRUE,2,Female,5,prevalence,0.015715899,0.010261398,0.023834293
356,India,Alcohol use disorders,2021,235,95+ years,98,TRUE,2,Female,6,incidence,0.004137002,0.002114318,0.00738442
356,India,Alcohol use disorders,2021,235,95+ years,98,TRUE,2,Female,15,mortality,0.000256258,0.000285123,0.000217821
356,India,Alcohol use disorders,2021,235,95+ years,98,TRUE,2,Female,7,remission,1,1,1
356,India,Alcohol use disorders,2021,235,95+ years,99,TRUE,2,Female,5,prevalence,0.015715899,0.010261398,0.023834293
356,India,Alcohol use disorders,2021,235,95+ years,99,TRUE,2,Female,6,incidence,0.004137002,0.002114318,0.00738442
356,India,Alcohol use disorders,2021,235,95+ years,99,TRUE,2,Female,15,mortality,0.000256258,0.000285123,0.000217821
356,India,Alcohol use disorders,2021,235,95+ years,99,TRUE,2,Female,7,remission,1,1,1
356,India,Alcohol use disorders,2021,235,95+ years,100,TRUE,2,Female,5,prevalence,0.015715899,0.010261398,0.023834293
356,India,Alcohol use disorders,2021,235,95+ years,100,TRUE,2,Female,6,incidence,0.004137002,0.002114318,0.00738442
356,India,Alcohol use disorders,2021,235,95+ years,100,TRUE,2,Female,15,mortality,0.000256258,0.000285123,0.000217821
356,India,Alcohol use disorders,2021,235,95+ years,100,TRUE,2,Female,7,remission,1,1,1
356,India,Alcohol use disorders,2021,235,95+ years,101,TRUE,2,Female,5,prevalence,0.015715899,0.010261398,0.023834293
356,India,Alcohol use disorders,2021,235,95+ years,101,TRUE,2,Female,6,incidence,0.004137002,0.002114318,0.00738442
356,India,Alcohol use disorders,2021,235,95+ years,101,TRUE,2,Female,15,mortality,0.000256258,0.000285123,0.000217821
356,India,Alcohol use disorders,2021,235,95+ years,101,TRUE,2,Female,7,remission,1,1,1
356,India,Alcohol use disorders,2021,235,95+ years,102,TRUE,2,Female,5,prevalence,0.015715899,0.010261398,0.023834293
356,India,Alcohol use disorders,2021,235,95+ years,102,TRUE,2,Female,6,incidence,0.004137002,0.002114318,0.00738442
356,India,Alcohol use disorders,2021,235,95+ years,102,TRUE,2,Female,15,mortality,0.000256258,0.000285123,0.000217821
356,India,Alcohol use disorders,2021,235,95+ years,102,TRUE,2,Female,7,remission,1,1,1
356,India,Alcohol use disorders,2021,235,95+ years,103,TRUE,2,Female,5,prevalence,0.015715899,0.010261398,0.023834293
356,India,Alcohol use disorders,2021,235,95+ years,103,TRUE,2,Female,6,incidence,0.004137002,0.002114318,0.00738442
356,India,Alcohol use disorders,2021,235,95+ years,103,TRUE,2,Female,15,mortality,0.000256258,0.000285123,0.000217821
356,India,Alcohol use disorders,2021,235,95+ years,103,TRUE,2,Female,7,remission,1,1,1
356,India,Alcohol use disorders,2021,235,95+ years,104,TRUE,2,Female,5,prevalence,0.015715899,0.010261398,0.023834293
356,India,Alcohol use disorders,2021,235,95+ years,104,TRUE,2,Female,6,incidence,0.004137002,0.002114318,0.00738442
356,India,Alcohol use disorders,2021,235,95+ years,104,TRUE,2,Female,15,mortality,0.000256258,0.000285123,0.000217821
356,India,Alcohol use disorders,2021,235,95+ years,104,TRUE,2,Female,7,remission,1,1,1
356,India,Alcohol use disorders,2021,235,95+ years,105,TRUE,2,Female,5,prevalence,0.015715899,0.010261398,0.023834293
356,India,Alcohol use disorders,2021,235,95+ years,105,TRUE,2,Female,6,incidence,0.004137002,0.002114318,0.00738442
356,India,Alcohol use disorders,2021,235,95+ years,105,TRUE,2,Female,15,mortality,0.000256258,0.000285123,0.000217821
356,India,Alcohol use disorders,2021,235,95+ years,105,TRUE,2,Female,7,remission,1,1,1
356,India,Alcohol use disorders,2021,235,95+ years,106,TRUE,2,Female,5,prevalence,0.015715899,0.010261398,0.023834293
356,India,Alcohol use disorders,2021,235,95+ years,106,TRUE,2,Female,6,incidence,0.004137002,0.002114318,0.00738442
356,India,Alcohol use disorders,2021,235,95+ years,106,TRUE,2,Female,15,mortality,0.000256258,0.000285123,0.000217821
356,India,Alcohol use disorders,2021,235,95+ years,106,TRUE,2,Female,7,remission,1,1,1
356,India,Alcohol use disorders,2021,235,95+ years,107,TRUE,2,Female,5,prevalence,0.015715899,0.010261398,0.023834293
356,India,Alcohol use disorders,2021,235,95+ years,107,TRUE,2,Female,6,incidence,0.004137002,0.002114318,0.00738442
356,India,Alcohol use disorders,2021,235,95+ years,107,TRUE,2,Female,15,mortality,0.000256258,0.000285123,0.000217821
356,India,Alcohol use disorders,2021,235,95+ years,107,TRUE,2,Female,7,remission,1,1,1
356,India,Alcohol use disorders,2021,235,95+ years,108,TRUE,2,Female,5,prevalence,0.015715899,0.010261398,0.023834293
356,India,Alcohol use disorders,2021,235,95+ years,108,TRUE,2,Female,6,incidence,0.004137002,0.002114318,0.00738442
356,India,Alcohol use disorders,2021,235,95+ years,108,TRUE,2,Female,15,mortality,0.000256258,0.000285123,0.000217821
356,India,Alcohol use disorders,2021,235,95+ years,108,TRUE,2,Female,7,remission,1,1,1
356,India,Alcohol use disorders,2021,235,95+ years,109,TRUE,2,Female,5,prevalence,0.015715899,0.010261398,0.023834293
356,India,Alcohol use disorders,2021,235,95+ years,109,TRUE,2,Female,6,incidence,0.004137002,0.002114318,0.00738442
356,India,Alcohol use disorders,2021,235,95+ years,109,TRUE,2,Female,15,mortality,0.000256258,0.000285123,0.000217821
356,India,Alcohol use disorders,2021,235,95+ years,109,TRUE,2,Female,7,remission,1,1,1
356,India,Alcohol use disorders,2021,235,95+ years,110,TRUE,2,Female,5,prevalence,0.015715899,0.010261398,0.023834293
356,India,Alcohol use disorders,2021,235,95+ years,110,TRUE,2,Female,6,incidence,0.004137002,0.002114318,0.00738442
356,India,Alcohol use disorders,2021,235,95+ years,110,TRUE,2,Female,15,mortality,0.000256258,0.000285123,0.000217821
356,India,Alcohol use disorders,2021,235,95+ years,110,TRUE,2,Female,7,remission,1,1,1
356,India,Alcohol use disorders,2021,5,1 to 4,0,TRUE,1,Male,5,prevalence,9.76E-05,7.74E-05,0.000123392
356,India,Alcohol use disorders,2021,5,1 to 4,0,TRUE,1,Male,6,incidence,0.000102774,8.14E-05,0.000129775
356,India,Alcohol use disorders,2021,5,1 to 4,0,TRUE,1,Male,15,mortality,0,0,0
356,India,Alcohol use disorders,2021,5,1 to 4,0,TRUE,1,Male,7,remission,1,1,1
356,India,Alcohol use disorders,2021,5,1 to 4,0,TRUE,2,Female,5,prevalence,7.85E-05,6.20E-05,9.96E-05
356,India,Alcohol use disorders,2021,5,1 to 4,0,TRUE,2,Female,6,incidence,8.24E-05,6.50E-05,0.000104571
356,India,Alcohol use disorders,2021,5,1 to 4,0,TRUE,2,Female,15,mortality,0,0,0
356,India,Alcohol use disorders,2021,5,1 to 4,0,TRUE,2,Female,7,remission,1,1,1
356,India,Alcohol use disorders,2021,5,1 to 4,2,TRUE,1,Male,5,prevalence,9.55E-05,7.61E-05,0.000120172
356,India,Alcohol use disorders,2021,5,1 to 4,2,TRUE,1,Male,6,incidence,0,0,0
356,India,Alcohol use disorders,2021,5,1 to 4,2,TRUE,1,Male,15,mortality,0,0,0
356,India,Alcohol use disorders,2021,5,1 to 4,2,TRUE,1,Male,7,remission,1,1,1
356,India,Alcohol use disorders,2021,5,1 to 4,3,TRUE,1,Male,5,prevalence,9.55E-05,7.61E-05,0.000120172
356,India,Alcohol use disorders,2021,5,1 to 4,3,TRUE,1,Male,6,incidence,0,0,0
356,India,Alcohol use disorders,2021,5,1 to 4,3,TRUE,1,Male,15,mortality,0,0,0
356,India,Alcohol use disorders,2021,5,1 to 4,3,TRUE,1,Male,7,remission,1,1,1
356,India,Alcohol use disorders,2021,5,1 to 4,4,TRUE,1,Male,5,prevalence,9.55E-05,7.61E-05,0.000120172
356,India,Alcohol use disorders,2021,5,1 to 4,4,TRUE,1,Male,6,incidence,0,0,0
356,India,Alcohol use disorders,2021,5,1 to 4,4,TRUE,1,Male,15,mortality,0,0,0
356,India,Alcohol use disorders,2021,5,1 to 4,4,TRUE,1,Male,7,remission,1,1,1
356,India,Alcohol use disorders,2021,5,1 to 4,2,TRUE,2,Female,5,prevalence,7.65E-05,6.07E-05,9.67E-05
356,India,Alcohol use disorders,2021,5,1 to 4,2,TRUE,2,Female,6,incidence,0,0,0
356,India,Alcohol use disorders,2021,5,1 to 4,2,TRUE,2,Female,15,mortality,0,0,0
356,India,Alcohol use disorders,2021,5,1 to 4,2,TRUE,2,Female,7,remission,1,1,1
356,India,Alcohol use disorders,2021,5,1 to 4,3,TRUE,2,Female,5,prevalence,7.65E-05,6.07E-05,9.67E-05
356,India,Alcohol use disorders,2021,5,1 to 4,3,TRUE,2,Female,6,incidence,0,0,0
356,India,Alcohol use disorders,2021,5,1 to 4,3,TRUE,2,Female,15,mortality,0,0,0
356,India,Alcohol use disorders,2021,5,1 to 4,3,TRUE,2,Female,7,remission,1,1,1
356,India,Alcohol use disorders,2021,5,1 to 4,4,TRUE,2,Female,5,prevalence,7.65E-05,6.07E-05,9.67E-05
356,India,Alcohol use disorders,2021,5,1 to 4,4,TRUE,2,Female,6,incidence,0,0,0
356,India,Alcohol use disorders,2021,5,1 to 4,4,TRUE,2,Female,15,mortality,0,0,0
356,India,Alcohol use disorders,2021,5,1 to 4,4,TRUE,2,Female,7,remission,1,1,1
356,India,Alcohol use disorders,2021,5,1 to 4,1,TRUE,1,Male,5,prevalence,9.70E-05,7.71E-05,0.000122459
356,India,Alcohol use disorders,2021,5,1 to 4,1,TRUE,1,Male,6,incidence,0,0,0
356,India,Alcohol use disorders,2021,5,1 to 4,1,TRUE,1,Male,15,mortality,0,0,0
356,India,Alcohol use disorders,2021,5,1 to 4,1,TRUE,1,Male,7,remission,1,1,1
356,India,Alcohol use disorders,2021,5,1 to 4,1,TRUE,2,Female,5,prevalence,7.78E-05,6.16E-05,9.87E-05
356,India,Alcohol use disorders,2021,5,1 to 4,1,TRUE,2,Female,6,incidence,0,0,0
356,India,Alcohol use disorders,2021,5,1 to 4,1,TRUE,2,Female,15,mortality,0,0,0
356,India,Alcohol use disorders,2021,5,1 to 4,1,TRUE,2,Female,7,remission,1,1,1