"location_id","location","disease","time","age_group_id","age_group","age","is_filled","gender_id","gender","measure_id","measure","mean","lower","upper"
356,"India","Low back pain",2021,6,"5-9 years",5,TRUE,1,"Male",5,"prevalence",0.002796026351,0.001455162674,0.004543600433687
356,"India","Low back pain",2021,6,"5-9 years",5,TRUE,1,"Male",6,"incidence",0.002574484034,0.001344467083,0.004211834301
356,"India","Low back pain",2021,6,"5-9 years",5,TRUE,1,"Male",15,"mortality",0,0,0
356,"India","Low back pain",2021,6,"5-9 years",5,TRUE,1,"Male",7,"remission",0,0,0
356,"India","Low back pain",2021,6,"5-9 years",6,TRUE,1,"Male",5,"prevalence",0.002796026351,0.001455162674,0.004543600433687
356,"India","Low back pain",2021,6,"5-9 years",6,TRUE,1,"Male",6,"incidence",0.002574484034,0.001344467083,0.004211834301
356,"India","Low back pain",2021,6,"5-9 years",6,TRUE,1,"Male",15,"mortality",0,0,0
356,"India","Low back pain",2021,6,"5-9 years",6,TRUE,1,"Male",7,"remission",0,0,0
356,"India","Low back pain",2021,6,"5-9 years",7,TRUE,1,"Male",5,"prevalence",0.002796026351,0.001455162674,0.004543600433687
356,"India","Low back pain",2021,6,"5-9 years",7,TRUE,1,"Male",6,"incidence",0.002574484034,0.001344467083,0.004211834301
356,"India","Low back pain",2021,6,"5-9 years",7,TRUE,1,"Male",15,"mortality",0,0,0
356,"India","Low back pain",2021,6,"5-9 years",7,TRUE,1,"Male",7,"remission",0,0,0
356,"India","Low back pain",2021,6,"5-9 years",8,TRUE,1,"Male",5,"prevalence",0.002796026351,0.001455162674,0.004543600433687
356,"India","Low back pain",2021,6,"5-9 years",8,TRUE,1,"Male",6,"incidence",0.002574484034,0.001344467083,0.004211834301
356,"India","Low back pain",2021,6,"5-9 years",8,TRUE,1,"Male",15,"mortality",0,0,0
356,"India","Low back pain",2021,6,"5-9 years",8,TRUE,1,"Male",7,"remission",0,0,0
356,"India","Low back pain",2021,6,"5-9 years",9,TRUE,1,"Male",5,"prevalence",0.002796026351,0.001455162674,0.004543600433687
356,"India","Low back pain",2021,6,"5-9 years",9,TRUE,1,"Male",6,"incidence",0.002574484034,0.001344467083,0.004211834301
356,"India","Low back pain",2021,6,"5-9 years",9,TRUE,1,"Male",15,"mortality",0,0,0
356,"India","Low back pain",2021,6,"5-9 years",9,TRUE,1,"Male",7,"remission",0,0,0
356,"India","Low back pain",2021,6,"5-9 years",5,TRUE,2,"Female",5,"prevalence",0.004379136973698,0.002304135522,0.007083060098086
356,"India","Low back pain",2021,6,"5-9 years",5,TRUE,2,"Female",6,"incidence",0.004030043695971,0.002140249522,0.006433808973
356,"India","Low back pain",2021,6,"5-9 years",5,TRUE,2,"Female",15,"mortality",0,0,0
356,"India","Low back pain",2021,6,"5-9 years",5,TRUE,2,"Female",7,"remission",0,0,0
356,"India","Low back pain",2021,6,"5-9 years",6,TRUE,2,"Female",5,"prevalence",0.004379136973698,0.002304135522,0.007083060098086
356,"India","Low back pain",2021,6,"5-9 years",6,TRUE,2,"Female",6,"incidence",0.004030043695971,0.002140249522,0.006433808973
356,"India","Low back pain",2021,6,"5-9 years",6,TRUE,2,"Female",15,"mortality",0,0,0
356,"India","Low back pain",2021,6,"5-9 years",6,TRUE,2,"Female",7,"remission",0,0,0
356,"India","Low back pain",2021,6,"5-9 years",7,TRUE,2,"Female",5,"prevalence",0.004379136973698,0.002304135522,0.007083060098086
356,"India","Low back pain",2021,6,"5-9 years",7,TRUE,2,"Female",6,"incidence",0.004030043695971,0.002140249522,0.006433808973
356,"India","Low back pain",2021,6,"5-9 years",7,TRUE,2,"Female",15,"mortality",0,0,0
356,"India","Low back pain",2021,6,"5-9 years",7,TRUE,2,"Female",7,"remission",0,0,0
356,"India","Low back pain",2021,6,"5-9 years",8,TRUE,2,"Female",5,"prevalence",0.004379136973698,0.002304135522,0.007083060098086
356,"India","Low back pain",2021,6,"5-9 years",8,TRUE,2,"Female",6,"incidence",0.004030043695971,0.002140249522,0.006433808973
356,"India","Low back pain",2021,6,"5-9 years",8,TRUE,2,"Female",15,"mortality",0,0,0
356,"India","Low back pain",2021,6,"5-9 years",8,TRUE,2,"Female",7,"remission",0,0,0
356,"India","Low back pain",2021,6,"5-9 years",9,TRUE,2,"Female",5,"prevalence",0.004379136973698,0.002304135522,0.007083060098086
356,"India","Low back pain",2021,6,"5-9 years",9,TRUE,2,"Female",6,"incidence",0.004030043695971,0.002140249522,0.006433808973
356,"India","Low back pain",2021,6,"5-9 years",9,TRUE,2,"Female",15,"mortality",0,0,0
356,"India","Low back pain",2021,6,"5-9 years",9,TRUE,2,"Female",7,"remission",0,0,0
356,"India","Low back pain",2021,7,"10-14 years",10,TRUE,1,"Male",5,"prevalence",0.01295037855,0.00916771248,0.01793210392
356,"India","Low back pain",2021,7,"10-14 years",10,TRUE,1,"Male",6,"incidence",0.007485856424,0.005158366863,0.01029569192
356,"India","Low back pain",2021,7,"10-14 years",10,TRUE,1,"Male",15,"mortality",0,0,0
356,"India","Low back pain",2021,7,"10-14 years",10,TRUE,1,"Male",7,"remission",0,0,0
356,"India","Low back pain",2021,7,"10-14 years",11,TRUE,1,"Male",5,"prevalence",0.01295037855,0.00916771248,0.01793210392
356,"India","Low back pain",2021,7,"10-14 years",11,TRUE,1,"Male",6,"incidence",0.007485856424,0.005158366863,0.01029569192
356,"India","Low back pain",2021,7,"10-14 years",11,TRUE,1,"Male",15,"mortality",0,0,0
356,"India","Low back pain",2021,7,"10-14 years",11,TRUE,1,"Male",7,"remission",0,0,0
356,"India","Low back pain",2021,7,"10-14 years",12,TRUE,1,"Male",5,"prevalence",0.01295037855,0.00916771248,0.01793210392
356,"India","Low back pain",2021,7,"10-14 years",12,TRUE,1,"Male",6,"incidence",0.007485856424,0.005158366863,0.01029569192
356,"India","Low back pain",2021,7,"10-14 years",12,TRUE,1,"Male",15,"mortality",0,0,0
356,"India","Low back pain",2021,7,"10-14 years",12,TRUE,1,"Male",7,"remission",0,0,0
356,"India","Low back pain",2021,7,"10-14 years",13,TRUE,1,"Male",5,"prevalence",0.01295037855,0.00916771248,0.01793210392
356,"India","Low back pain",2021,7,"10-14 years",13,TRUE,1,"Male",6,"incidence",0.007485856424,0.005158366863,0.01029569192
356,"India","Low back pain",2021,7,"10-14 years",13,TRUE,1,"Male",15,"mortality",0,0,0
356,"India","Low back pain",2021,7,"10-14 years",13,TRUE,1,"Male",7,"remission",0,0,0
356,"India","Low back pain",2021,7,"10-14 years",14,TRUE,1,"Male",5,"prevalence",0.01295037855,0.00916771248,0.01793210392
356,"India","Low back pain",2021,7,"10-14 years",14,TRUE,1,"Male",6,"incidence",0.007485856424,0.005158366863,0.01029569192
356,"India","Low back pain",2021,7,"10-14 years",14,TRUE,1,"Male",15,"mortality",0,0,0
356,"India","Low back pain",2021,7,"10-14 years",14,TRUE,1,"Male",7,"remission",0,0,0
356,"India","Low back pain",2021,7,"10-14 years",10,TRUE,2,"Female",5,"prevalence",0.0222842952808003,0.016141417061924,0.02993948014
356,"India","Low back pain",2021,7,"10-14 years",10,TRUE,2,"Female",6,"incidence",0.0133465655,0.009319495663,0.018223321
356,"India","Low back pain",2021,7,"10-14 years",10,TRUE,2,"Female",15,"mortality",0,0,0
356,"India","Low back pain",2021,7,"10-14 years",10,TRUE,2,"Female",7,"remission",0,0,0
356,"India","Low back pain",2021,7,"10-14 years",11,TRUE,2,"Female",5,"prevalence",0.0222842952808003,0.016141417061924,0.02993948014
356,"India","Low back pain",2021,7,"10-14 years",11,TRUE,2,"Female",6,"incidence",0.0133465655,0.009319495663,0.018223321
356,"India","Low back pain",2021,7,"10-14 years",11,TRUE,2,"Female",15,"mortality",0,0,0
356,"India","Low back pain",2021,7,"10-14 years",11,TRUE,2,"Female",7,"remission",0,0,0
356,"India","Low back pain",2021,7,"10-14 years",12,TRUE,2,"Female",5,"prevalence",0.0222842952808003,0.016141417061924,0.02993948014
356,"India","Low back pain",2021,7,"10-14 years",12,TRUE,2,"Female",6,"incidence",0.0133465655,0.009319495663,0.018223321
356,"India","Low back pain",2021,7,"10-14 years",12,TRUE,2,"Female",15,"mortality",0,0,0
356,"India","Low back pain",2021,7,"10-14 years",12,TRUE,2,"Female",7,"remission",0,0,0
356,"India","Low back pain",2021,7,"10-14 years",13,TRUE,2,"Female",5,"prevalence",0.0222842952808003,0.016141417061924,0.02993948014
356,"India","Low back pain",2021,7,"10-14 years",13,TRUE,2,"Female",6,"incidence",0.0133465655,0.009319495663,0.018223321
356,"India","Low back pain",2021,7,"10-14 years",13,TRUE,2,"Female",15,"mortality",0,0,0
356,"India","Low back pain",2021,7,"10-14 years",13,TRUE,2,"Female",7,"remission",0,0,0
356,"India","Low back pain",2021,7,"10-14 years",14,TRUE,2,"Female",5,"prevalence",0.0222842952808003,0.016141417061924,0.02993948014
356,"India","Low back pain",2021,7,"10-14 years",14,TRUE,2,"Female",6,"incidence",0.0133465655,0.009319495663,0.018223321
356,"India","Low back pain",2021,7,"10-14 years",14,TRUE,2,"Female",15,"mortality",0,0,0
356,"India","Low back pain",2021,7,"10-14 years",14,TRUE,2,"Female",7,"remission",0,0,0
356,"India","Low back pain",2021,8,"15-19 years",15,TRUE,1,"Male",5,"prevalence",0.02118743198,0.01488925853,0.02853328241
356,"India","Low back pain",2021,8,"15-19 years",15,TRUE,1,"Male",6,"incidence",0.009426440015,0.0063277774955022,0.01300426914
356,"India","Low back pain",2021,8,"15-19 years",15,TRUE,1,"Male",15,"mortality",0,0,0
356,"India","Low back pain",2021,8,"15-19 years",15,TRUE,1,"Male",7,"remission",0,0,0
356,"India","Low back pain",2021,8,"15-19 years",16,TRUE,1,"Male",5,"prevalence",0.02118743198,0.01488925853,0.02853328241
356,"India","Low back pain",2021,8,"15-19 years",16,TRUE,1,"Male",6,"incidence",0.009426440015,0.0063277774955022,0.01300426914
356,"India","Low back pain",2021,8,"15-19 years",16,TRUE,1,"Male",15,"mortality",0,0,0
356,"India","Low back pain",2021,8,"15-19 years",16,TRUE,1,"Male",7,"remission",0,0,0
356,"India","Low back pain",2021,8,"15-19 years",17,TRUE,1,"Male",5,"prevalence",0.02118743198,0.01488925853,0.02853328241
356,"India","Low back pain",2021,8,"15-19 years",17,TRUE,1,"Male",6,"incidence",0.009426440015,0.0063277774955022,0.01300426914
356,"India","Low back pain",2021,8,"15-19 years",17,TRUE,1,"Male",15,"mortality",0,0,0
356,"India","Low back pain",2021,8,"15-19 years",17,TRUE,1,"Male",7,"remission",0,0,0
356,"India","Low back pain",2021,8,"15-19 years",18,TRUE,1,"Male",5,"prevalence",0.02118743198,0.01488925853,0.02853328241
356,"India","Low back pain",2021,8,"15-19 years",18,TRUE,1,"Male",6,"incidence",0.009426440015,0.0063277774955022,0.01300426914
356,"India","Low back pain",2021,8,"15-19 years",18,TRUE,1,"Male",15,"mortality",0,0,0
356,"India","Low back pain",2021,8,"15-19 years",18,TRUE,1,"Male",7,"remission",0,0,0
356,"India","Low back pain",2021,8,"15-19 years",19,TRUE,1,"Male",5,"prevalence",0.02118743198,0.01488925853,0.02853328241
356,"India","Low back pain",2021,8,"15-19 years",19,TRUE,1,"Male",6,"incidence",0.009426440015,0.0063277774955022,0.01300426914
356,"India","Low back pain",2021,8,"15-19 years",19,TRUE,1,"Male",15,"mortality",0,0,0
356,"India","Low back pain",2021,8,"15-19 years",19,TRUE,1,"Male",7,"remission",0,0,0
356,"India","Low back pain",2021,8,"15-19 years",15,TRUE,2,"Female",5,"prevalence",0.04236205569,0.03009487572,0.056660459118754
356,"India","Low back pain",2021,8,"15-19 years",15,TRUE,2,"Female",6,"incidence",0.01956806395,0.01373581335,0.0264766116078881
356,"India","Low back pain",2021,8,"15-19 years",15,TRUE,2,"Female",15,"mortality",0,0,0
356,"India","Low back pain",2021,8,"15-19 years",15,TRUE,2,"Female",7,"remission",0,0,0
356,"India","Low back pain",2021,8,"15-19 years",16,TRUE,2,"Female",5,"prevalence",0.04236205569,0.03009487572,0.056660459118754
356,"India","Low back pain",2021,8,"15-19 years",16,TRUE,2,"Female",6,"incidence",0.01956806395,0.01373581335,0.0264766116078881
356,"India","Low back pain",2021,8,"15-19 years",16,TRUE,2,"Female",15,"mortality",0,0,0
356,"India","Low back pain",2021,8,"15-19 years",16,TRUE,2,"Female",7,"remission",0,0,0
356,"India","Low back pain",2021,8,"15-19 years",17,TRUE,2,"Female",5,"prevalence",0.04236205569,0.03009487572,0.056660459118754
356,"India","Low back pain",2021,8,"15-19 years",17,TRUE,2,"Female",6,"incidence",0.01956806395,0.01373581335,0.0264766116078881
356,"India","Low back pain",2021,8,"15-19 years",17,TRUE,2,"Female",15,"mortality",0,0,0
356,"India","Low back pain",2021,8,"15-19 years",17,TRUE,2,"Female",7,"remission",0,0,0
356,"India","Low back pain",2021,8,"15-19 years",18,TRUE,2,"Female",5,"prevalence",0.04236205569,0.03009487572,0.056660459118754
356,"India","Low back pain",2021,8,"15-19 years",18,TRUE,2,"Female",6,"incidence",0.01956806395,0.01373581335,0.0264766116078881
356,"India","Low back pain",2021,8,"15-19 years",18,TRUE,2,"Female",15,"mortality",0,0,0
356,"India","Low back pain",2021,8,"15-19 years",18,TRUE,2,"Female",7,"remission",0,0,0
356,"India","Low back pain",2021,8,"15-19 years",19,TRUE,2,"Female",5,"prevalence",0.04236205569,0.03009487572,0.056660459118754
356,"India","Low back pain",2021,8,"15-19 years",19,TRUE,2,"Female",6,"incidence",0.01956806395,0.01373581335,0.0264766116078881
356,"India","Low back pain",2021,8,"15-19 years",19,TRUE,2,"Female",15,"mortality",0,0,0
356,"India","Low back pain",2021,8,"15-19 years",19,TRUE,2,"Female",7,"remission",0,0,0
356,"India","Low back pain",2021,9,"20-24 years",20,TRUE,1,"Male",5,"prevalence",0.02227937537,0.0153630387338511,0.0304727524868061
356,"India","Low back pain",2021,9,"20-24 years",20,TRUE,1,"Male",6,"incidence",0.0095096285057903,0.00608983218,0.01349612133
356,"India","Low back pain",2021,9,"20-24 years",20,TRUE,1,"Male",15,"mortality",0,0,0
356,"India","Low back pain",2021,9,"20-24 years",20,TRUE,1,"Male",7,"remission",0,0,0
356,"India","Low back pain",2021,9,"20-24 years",21,TRUE,1,"Male",5,"prevalence",0.02227937537,0.0153630387338511,0.0304727524868061
356,"India","Low back pain",2021,9,"20-24 years",21,TRUE,1,"Male",6,"incidence",0.0095096285057903,0.00608983218,0.01349612133
356,"India","Low back pain",2021,9,"20-24 years",21,TRUE,1,"Male",15,"mortality",0,0,0
356,"India","Low back pain",2021,9,"20-24 years",21,TRUE,1,"Male",7,"remission",0,0,0
356,"India","Low back pain",2021,9,"20-24 years",22,TRUE,1,"Male",5,"prevalence",0.02227937537,0.0153630387338511,0.0304727524868061
356,"India","Low back pain",2021,9,"20-24 years",22,TRUE,1,"Male",6,"incidence",0.0095096285057903,0.00608983218,0.01349612133
356,"India","Low back pain",2021,9,"20-24 years",22,TRUE,1,"Male",15,"mortality",0,0,0
356,"India","Low back pain",2021,9,"20-24 years",22,TRUE,1,"Male",7,"remission",0,0,0
356,"India","Low back pain",2021,9,"20-24 years",23,TRUE,1,"Male",5,"prevalence",0.02227937537,0.0153630387338511,0.0304727524868061
356,"India","Low back pain",2021,9,"20-24 years",23,TRUE,1,"Male",6,"incidence",0.0095096285057903,0.00608983218,0.01349612133
356,"India","Low back pain",2021,9,"20-24 years",23,TRUE,1,"Male",15,"mortality",0,0,0
356,"India","Low back pain",2021,9,"20-24 years",23,TRUE,1,"Male",7,"remission",0,0,0
356,"India","Low back pain",2021,9,"20-24 years",24,TRUE,1,"Male",5,"prevalence",0.02227937537,0.0153630387338511,0.0304727524868061
356,"India","Low back pain",2021,9,"20-24 years",24,TRUE,1,"Male",6,"incidence",0.0095096285057903,0.00608983218,0.01349612133
356,"India","Low back pain",2021,9,"20-24 years",24,TRUE,1,"Male",15,"mortality",0,0,0
356,"India","Low back pain",2021,9,"20-24 years",24,TRUE,1,"Male",7,"remission",0,0,0
356,"India","Low back pain",2021,9,"20-24 years",20,TRUE,2,"Female",5,"prevalence",0.0516065124858826,0.03613997214,0.06983647426
356,"India","Low back pain",2021,9,"20-24 years",20,TRUE,2,"Female",6,"incidence",0.02232372598,0.0149156064245441,0.03143756536
356,"India","Low back pain",2021,9,"20-24 years",20,TRUE,2,"Female",15,"mortality",0,0,0
356,"India","Low back pain",2021,9,"20-24 years",20,TRUE,2,"Female",7,"remission",0,0,0
356,"India","Low back pain",2021,9,"20-24 years",21,TRUE,2,"Female",5,"prevalence",0.0516065124858826,0.03613997214,0.06983647426
356,"India","Low back pain",2021,9,"20-24 years",21,TRUE,2,"Female",6,"incidence",0.02232372598,0.0149156064245441,0.03143756536
356,"India","Low back pain",2021,9,"20-24 years",21,TRUE,2,"Female",15,"mortality",0,0,0
356,"India","Low back pain",2021,9,"20-24 years",21,TRUE,2,"Female",7,"remission",0,0,0
356,"India","Low back pain",2021,9,"20-24 years",22,TRUE,2,"Female",5,"prevalence",0.0516065124858826,0.03613997214,0.06983647426
356,"India","Low back pain",2021,9,"20-24 years",22,TRUE,2,"Female",6,"incidence",0.02232372598,0.0149156064245441,0.03143756536
356,"India","Low back pain",2021,9,"20-24 years",22,TRUE,2,"Female",15,"mortality",0,0,0
356,"India","Low back pain",2021,9,"20-24 years",22,TRUE,2,"Female",7,"remission",0,0,0
356,"India","Low back pain",2021,9,"20-24 years",23,TRUE,2,"Female",5,"prevalence",0.0516065124858826,0.03613997214,0.06983647426
356,"India","Low back pain",2021,9,"20-24 years",23,TRUE,2,"Female",6,"incidence",0.02232372598,0.0149156064245441,0.03143756536
356,"India","Low back pain",2021,9,"20-24 years",23,TRUE,2,"Female",15,"mortality",0,0,0
356,"India","Low back pain",2021,9,"20-24 years",23,TRUE,2,"Female",7,"remission",0,0,0
356,"India","Low back pain",2021,9,"20-24 years",24,TRUE,2,"Female",5,"prevalence",0.0516065124858826,0.03613997214,0.06983647426
356,"India","Low back pain",2021,9,"20-24 years",24,TRUE,2,"Female",6,"incidence",0.02232372598,0.0149156064245441,0.03143756536
356,"India","Low back pain",2021,9,"20-24 years",24,TRUE,2,"Female",15,"mortality",0,0,0
356,"India","Low back pain",2021,9,"20-24 years",24,TRUE,2,"Female",7,"remission",0,0,0
356,"India","Low back pain",2021,10,"25-29 years",25,TRUE,1,"Male",5,"prevalence",0.02422116428,0.01686191465,0.03347610119
356,"India","Low back pain",2021,10,"25-29 years",25,TRUE,1,"Male",6,"incidence",0.01073383503,0.00694711504,0.0151691995
356,"India","Low back pain",2021,10,"25-29 years",25,TRUE,1,"Male",15,"mortality",0,0,0
356,"India","Low back pain",2021,10,"25-29 years",25,TRUE,1,"Male",7,"remission",0,0,0
356,"India","Low back pain",2021,10,"25-29 years",26,TRUE,1,"Male",5,"prevalence",0.02422116428,0.01686191465,0.03347610119
356,"India","Low back pain",2021,10,"25-29 years",26,TRUE,1,"Male",6,"incidence",0.01073383503,0.00694711504,0.0151691995
356,"India","Low back pain",2021,10,"25-29 years",26,TRUE,1,"Male",15,"mortality",0,0,0
356,"India","Low back pain",2021,10,"25-29 years",26,TRUE,1,"Male",7,"remission",0,0,0
356,"India","Low back pain",2021,10,"25-29 years",27,TRUE,1,"Male",5,"prevalence",0.02422116428,0.01686191465,0.03347610119
356,"India","Low back pain",2021,10,"25-29 years",27,TRUE,1,"Male",6,"incidence",0.01073383503,0.00694711504,0.0151691995
356,"India","Low back pain",2021,10,"25-29 years",27,TRUE,1,"Male",15,"mortality",0,0,0
356,"India","Low back pain",2021,10,"25-29 years",27,TRUE,1,"Male",7,"remission",0,0,0
356,"India","Low back pain",2021,10,"25-29 years",28,TRUE,1,"Male",5,"prevalence",0.02422116428,0.01686191465,0.03347610119
356,"India","Low back pain",2021,10,"25-29 years",28,TRUE,1,"Male",6,"incidence",0.01073383503,0.00694711504,0.0151691995
356,"India","Low back pain",2021,10,"25-29 years",28,TRUE,1,"Male",15,"mortality",0,0,0
356,"India","Low back pain",2021,10,"25-29 years",28,TRUE,1,"Male",7,"remission",0,0,0
356,"India","Low back pain",2021,10,"25-29 years",29,TRUE,1,"Male",5,"prevalence",0.02422116428,0.01686191465,0.03347610119
356,"India","Low back pain",2021,10,"25-29 years",29,TRUE,1,"Male",6,"incidence",0.01073383503,0.00694711504,0.0151691995
356,"India","Low back pain",2021,10,"25-29 years",29,TRUE,1,"Male",15,"mortality",0,0,0
356,"India","Low back pain",2021,10,"25-29 years",29,TRUE,1,"Male",7,"remission",0,0,0
356,"India","Low back pain",2021,10,"25-29 years",25,TRUE,2,"Female",5,"prevalence",0.06066881253,0.04304899119,0.0825539457121734
356,"India","Low back pain",2021,10,"25-29 years",25,TRUE,2,"Female",6,"incidence",0.02671707286,0.0175611998938021,0.0371999614737739
356,"India","Low back pain",2021,10,"25-29 years",25,TRUE,2,"Female",15,"mortality",0,0,0
356,"India","Low back pain",2021,10,"25-29 years",25,TRUE,2,"Female",7,"remission",0,0,0
356,"India","Low back pain",2021,10,"25-29 years",26,TRUE,2,"Female",5,"prevalence",0.06066881253,0.04304899119,0.0825539457121734
356,"India","Low back pain",2021,10,"25-29 years",26,TRUE,2,"Female",6,"incidence",0.02671707286,0.0175611998938021,0.0371999614737739
356,"India","Low back pain",2021,10,"25-29 years",26,TRUE,2,"Female",15,"mortality",0,0,0
356,"India","Low back pain",2021,10,"25-29 years",26,TRUE,2,"Female",7,"remission",0,0,0
356,"India","Low back pain",2021,10,"25-29 years",27,TRUE,2,"Female",5,"prevalence",0.06066881253,0.04304899119,0.0825539457121734
356,"India","Low back pain",2021,10,"25-29 years",27,TRUE,2,"Female",6,"incidence",0.02671707286,0.0175611998938021,0.0371999614737739
356,"India","Low back pain",2021,10,"25-29 years",27,TRUE,2,"Female",15,"mortality",0,0,0
356,"India","Low back pain",2021,10,"25-29 years",27,TRUE,2,"Female",7,"remission",0,0,0
356,"India","Low back pain",2021,10,"25-29 years",28,TRUE,2,"Female",5,"prevalence",0.06066881253,0.04304899119,0.0825539457121734
356,"India","Low back pain",2021,10,"25-29 years",28,TRUE,2,"Female",6,"incidence",0.02671707286,0.0175611998938021,0.0371999614737739
356,"India","Low back pain",2021,10,"25-29 years",28,TRUE,2,"Female",15,"mortality",0,0,0
356,"India","Low back pain",2021,10,"25-29 years",28,TRUE,2,"Female",7,"remission",0,0,0
356,"India","Low back pain",2021,10,"25-29 years",29,TRUE,2,"Female",5,"prevalence",0.06066881253,0.04304899119,0.0825539457121734
356,"India","Low back pain",2021,10,"25-29 years",29,TRUE,2,"Female",6,"incidence",0.02671707286,0.0175611998938021,0.0371999614737739
356,"India","Low back pain",2021,10,"25-29 years",29,TRUE,2,"Female",15,"mortality",0,0,0
356,"India","Low back pain",2021,10,"25-29 years",29,TRUE,2,"Female",7,"remission",0,0,0
356,"India","Low back pain",2021,11,"30-34 years",30,TRUE,1,"Male",5,"prevalence",0.0285112287066138,0.0199762636,0.0389583568699348
356,"India","Low back pain",2021,11,"30-34 years",30,TRUE,1,"Male",6,"incidence",0.0132076476,0.0086556295262416,0.0188307551676256
356,"India","Low back pain",2021,11,"30-34 years",30,TRUE,1,"Male",15,"mortality",0,0,0
356,"India","Low back pain",2021,11,"30-34 years",30,TRUE,1,"Male",7,"remission",0,0,0
356,"India","Low back pain",2021,11,"30-34 years",31,TRUE,1,"Male",5,"prevalence",0.0285112287066138,0.0199762636,0.0389583568699348
356,"India","Low back pain",2021,11,"30-34 years",31,TRUE,1,"Male",6,"incidence",0.0132076476,0.0086556295262416,0.0188307551676256
356,"India","Low back pain",2021,11,"30-34 years",31,TRUE,1,"Male",15,"mortality",0,0,0
356,"India","Low back pain",2021,11,"30-34 years",31,TRUE,1,"Male",7,"remission",0,0,0
356,"India","Low back pain",2021,11,"30-34 years",32,TRUE,1,"Male",5,"prevalence",0.0285112287066138,0.0199762636,0.0389583568699348
356,"India","Low back pain",2021,11,"30-34 years",32,TRUE,1,"Male",6,"incidence",0.0132076476,0.0086556295262416,0.0188307551676256
356,"India","Low back pain",2021,11,"30-34 years",32,TRUE,1,"Male",15,"mortality",0,0,0
356,"India","Low back pain",2021,11,"30-34 years",32,TRUE,1,"Male",7,"remission",0,0,0
356,"India","Low back pain",2021,11,"30-34 years",33,TRUE,1,"Male",5,"prevalence",0.0285112287066138,0.0199762636,0.0389583568699348
356,"India","Low back pain",2021,11,"30-34 years",33,TRUE,1,"Male",6,"incidence",0.0132076476,0.0086556295262416,0.0188307551676256
356,"India","Low back pain",2021,11,"30-34 years",33,TRUE,1,"Male",15,"mortality",0,0,0
356,"India","Low back pain",2021,11,"30-34 years",33,TRUE,1,"Male",7,"remission",0,0,0
356,"India","Low back pain",2021,11,"30-34 years",34,TRUE,1,"Male",5,"prevalence",0.0285112287066138,0.0199762636,0.0389583568699348
356,"India","Low back pain",2021,11,"30-34 years",34,TRUE,1,"Male",6,"incidence",0.0132076476,0.0086556295262416,0.0188307551676256
356,"India","Low back pain",2021,11,"30-34 years",34,TRUE,1,"Male",15,"mortality",0,0,0
356,"India","Low back pain",2021,11,"30-34 years",34,TRUE,1,"Male",7,"remission",0,0,0
356,"India","Low back pain",2021,11,"30-34 years",30,TRUE,2,"Female",5,"prevalence",0.07487850382,0.0530519358361722,0.10173974127748
356,"India","Low back pain",2021,11,"30-34 years",30,TRUE,2,"Female",6,"incidence",0.03391002189,0.02252509858,0.0482165013
356,"India","Low back pain",2021,11,"30-34 years",30,TRUE,2,"Female",15,"mortality",0,0,0
356,"India","Low back pain",2021,11,"30-34 years",30,TRUE,2,"Female",7,"remission",0,0,0
356,"India","Low back pain",2021,11,"30-34 years",31,TRUE,2,"Female",5,"prevalence",0.07487850382,0.0530519358361722,0.10173974127748
356,"India","Low back pain",2021,11,"30-34 years",31,TRUE,2,"Female",6,"incidence",0.03391002189,0.02252509858,0.0482165013
356,"India","Low back pain",2021,11,"30-34 years",31,TRUE,2,"Female",15,"mortality",0,0,0
356,"India","Low back pain",2021,11,"30-34 years",31,TRUE,2,"Female",7,"remission",0,0,0
356,"India","Low back pain",2021,11,"30-34 years",32,TRUE,2,"Female",5,"prevalence",0.07487850382,0.0530519358361722,0.10173974127748
356,"India","Low back pain",2021,11,"30-34 years",32,TRUE,2,"Female",6,"incidence",0.03391002189,0.02252509858,0.0482165013
356,"India","Low back pain",2021,11,"30-34 years",32,TRUE,2,"Female",15,"mortality",0,0,0
356,"India","Low back pain",2021,11,"30-34 years",32,TRUE,2,"Female",7,"remission",0,0,0
356,"India","Low back pain",2021,11,"30-34 years",33,TRUE,2,"Female",5,"prevalence",0.07487850382,0.0530519358361722,0.10173974127748
356,"India","Low back pain",2021,11,"30-34 years",33,TRUE,2,"Female",6,"incidence",0.03391002189,0.02252509858,0.0482165013
356,"India","Low back pain",2021,11,"30-34 years",33,TRUE,2,"Female",15,"mortality",0,0,0
356,"India","Low back pain",2021,11,"30-34 years",33,TRUE,2,"Female",7,"remission",0,0,0
356,"India","Low back pain",2021,11,"30-34 years",34,TRUE,2,"Female",5,"prevalence",0.07487850382,0.0530519358361722,0.10173974127748
356,"India","Low back pain",2021,11,"30-34 years",34,TRUE,2,"Female",6,"incidence",0.03391002189,0.02252509858,0.0482165013
356,"India","Low back pain",2021,11,"30-34 years",34,TRUE,2,"Female",15,"mortality",0,0,0
356,"India","Low back pain",2021,11,"30-34 years",34,TRUE,2,"Female",7,"remission",0,0,0
356,"India","Low back pain",2021,12,"35-39 years",35,TRUE,1,"Male",5,"prevalence",0.0371724689889999,0.0263733556697485,0.05096163261
356,"India","Low back pain",2021,12,"35-39 years",35,TRUE,1,"Male",6,"incidence",0.01792140193,0.01240408158,0.0252001609305227
356,"India","Low back pain",2021,12,"35-39 years",35,TRUE,1,"Male",15,"mortality",0,0,0
356,"India","Low back pain",2021,12,"35-39 years",35,TRUE,1,"Male",7,"remission",0,0,0
356,"India","Low back pain",2021,12,"35-39 years",36,TRUE,1,"Male",5,"prevalence",0.0371724689889999,0.0263733556697485,0.05096163261
356,"India","Low back pain",2021,12,"35-39 years",36,TRUE,1,"Male",6,"incidence",0.01792140193,0.01240408158,0.0252001609305227
356,"India","Low back pain",2021,12,"35-39 years",36,TRUE,1,"Male",15,"mortality",0,0,0
356,"India","Low back pain",2021,12,"35-39 years",36,TRUE,1,"Male",7,"remission",0,0,0
356,"India","Low back pain",2021,12,"35-39 years",37,TRUE,1,"Male",5,"prevalence",0.0371724689889999,0.0263733556697485,0.05096163261
356,"India","Low back pain",2021,12,"35-39 years",37,TRUE,1,"Male",6,"incidence",0.01792140193,0.01240408158,0.0252001609305227
356,"India","Low back pain",2021,12,"35-39 years",37,TRUE,1,"Male",15,"mortality",0,0,0
356,"India","Low back pain",2021,12,"35-39 years",37,TRUE,1,"Male",7,"remission",0,0,0
356,"India","Low back pain",2021,12,"35-39 years",38,TRUE,1,"Male",5,"prevalence",0.0371724689889999,0.0263733556697485,0.05096163261
356,"India","Low back pain",2021,12,"35-39 years",38,TRUE,1,"Male",6,"incidence",0.01792140193,0.01240408158,0.0252001609305227
356,"India","Low back pain",2021,12,"35-39 years",38,TRUE,1,"Male",15,"mortality",0,0,0
356,"India","Low back pain",2021,12,"35-39 years",38,TRUE,1,"Male",7,"remission",0,0,0
356,"India","Low back pain",2021,12,"35-39 years",39,TRUE,1,"Male",5,"prevalence",0.0371724689889999,0.0263733556697485,0.05096163261
356,"India","Low back pain",2021,12,"35-39 years",39,TRUE,1,"Male",6,"incidence",0.01792140193,0.01240408158,0.0252001609305227
356,"India","Low back pain",2021,12,"35-39 years",39,TRUE,1,"Male",15,"mortality",0,0,0
356,"India","Low back pain",2021,12,"35-39 years",39,TRUE,1,"Male",7,"remission",0,0,0
356,"India","Low back pain",2021,12,"35-39 years",35,TRUE,2,"Female",5,"prevalence",0.09724942149,0.0708602089970938,0.128007692877269
356,"India","Low back pain",2021,12,"35-39 years",35,TRUE,2,"Female",6,"incidence",0.04451435767,0.0312097672259151,0.0622152008
356,"India","Low back pain",2021,12,"35-39 years",35,TRUE,2,"Female",15,"mortality",0,0,0
356,"India","Low back pain",2021,12,"35-39 years",35,TRUE,2,"Female",7,"remission",0,0,0
356,"India","Low back pain",2021,12,"35-39 years",36,TRUE,2,"Female",5,"prevalence",0.09724942149,0.0708602089970938,0.128007692877269
356,"India","Low back pain",2021,12,"35-39 years",36,TRUE,2,"Female",6,"incidence",0.04451435767,0.0312097672259151,0.0622152008
356,"India","Low back pain",2021,12,"35-39 years",36,TRUE,2,"Female",15,"mortality",0,0,0
356,"India","Low back pain",2021,12,"35-39 years",36,TRUE,2,"Female",7,"remission",0,0,0
356,"India","Low back pain",2021,12,"35-39 years",37,TRUE,2,"Female",5,"prevalence",0.09724942149,0.0708602089970938,0.128007692877269
356,"India","Low back pain",2021,12,"35-39 years",37,TRUE,2,"Female",6,"incidence",0.04451435767,0.0312097672259151,0.0622152008
356,"India","Low back pain",2021,12,"35-39 years",37,TRUE,2,"Female",15,"mortality",0,0,0
356,"India","Low back pain",2021,12,"35-39 years",37,TRUE,2,"Female",7,"remission",0,0,0
356,"India","Low back pain",2021,12,"35-39 years",38,TRUE,2,"Female",5,"prevalence",0.09724942149,0.0708602089970938,0.128007692877269
356,"India","Low back pain",2021,12,"35-39 years",38,TRUE,2,"Female",6,"incidence",0.04451435767,0.0312097672259151,0.0622152008
356,"India","Low back pain",2021,12,"35-39 years",38,TRUE,2,"Female",15,"mortality",0,0,0
356,"India","Low back pain",2021,12,"35-39 years",38,TRUE,2,"Female",7,"remission",0,0,0
356,"India","Low back pain",2021,12,"35-39 years",39,TRUE,2,"Female",5,"prevalence",0.09724942149,0.0708602089970938,0.128007692877269
356,"India","Low back pain",2021,12,"35-39 years",39,TRUE,2,"Female",6,"incidence",0.04451435767,0.0312097672259151,0.0622152008
356,"India","Low back pain",2021,12,"35-39 years",39,TRUE,2,"Female",15,"mortality",0,0,0
356,"India","Low back pain",2021,12,"35-39 years",39,TRUE,2,"Female",7,"remission",0,0,0
356,"India","Low back pain",2021,13,"40-44 years",40,TRUE,1,"Male",5,"prevalence",0.0500405687785869,0.0359421802390668,0.06894282546
356,"India","Low back pain",2021,13,"40-44 years",40,TRUE,1,"Male",6,"incidence",0.02332310526,0.0158784596055673,0.0327541719863315
356,"India","Low back pain",2021,13,"40-44 years",40,TRUE,1,"Male",15,"mortality",0,0,0
356,"India","Low back pain",2021,13,"40-44 years",40,TRUE,1,"Male",7,"remission",0,0,0
356,"India","Low back pain",2021,13,"40-44 years",41,TRUE,1,"Male",5,"prevalence",0.0500405687785869,0.0359421802390668,0.06894282546
356,"India","Low back pain",2021,13,"40-44 years",41,TRUE,1,"Male",6,"incidence",0.02332310526,0.0158784596055673,0.0327541719863315
356,"India","Low back pain",2021,13,"40-44 years",41,TRUE,1,"Male",15,"mortality",0,0,0
356,"India","Low back pain",2021,13,"40-44 years",41,TRUE,1,"Male",7,"remission",0,0,0
356,"India","Low back pain",2021,13,"40-44 years",42,TRUE,1,"Male",5,"prevalence",0.0500405687785869,0.0359421802390668,0.06894282546
356,"India","Low back pain",2021,13,"40-44 years",42,TRUE,1,"Male",6,"incidence",0.02332310526,0.0158784596055673,0.0327541719863315
356,"India","Low back pain",2021,13,"40-44 years",42,TRUE,1,"Male",15,"mortality",0,0,0
356,"India","Low back pain",2021,13,"40-44 years",42,TRUE,1,"Male",7,"remission",0,0,0
356,"India","Low back pain",2021,13,"40-44 years",43,TRUE,1,"Male",5,"prevalence",0.0500405687785869,0.0359421802390668,0.06894282546
356,"India","Low back pain",2021,13,"40-44 years",43,TRUE,1,"Male",6,"incidence",0.02332310526,0.0158784596055673,0.0327541719863315
356,"India","Low back pain",2021,13,"40-44 years",43,TRUE,1,"Male",15,"mortality",0,0,0
356,"India","Low back pain",2021,13,"40-44 years",43,TRUE,1,"Male",7,"remission",0,0,0
356,"India","Low back pain",2021,13,"40-44 years",44,TRUE,1,"Male",5,"prevalence",0.0500405687785869,0.0359421802390668,0.06894282546
356,"India","Low back pain",2021,13,"40-44 years",44,TRUE,1,"Male",6,"incidence",0.02332310526,0.0158784596055673,0.0327541719863315
356,"India","Low back pain",2021,13,"40-44 years",44,TRUE,1,"Male",15,"mortality",0,0,0
356,"India","Low back pain",2021,13,"40-44 years",44,TRUE,1,"Male",7,"remission",0,0,0
356,"India","Low back pain",2021,13,"40-44 years",40,TRUE,2,"Female",5,"prevalence",0.125929691855633,0.0897920054488163,0.167515141215025
356,"India","Low back pain",2021,13,"40-44 years",40,TRUE,2,"Female",6,"incidence",0.05529050701,0.03890125696,0.0767324594612032
356,"India","Low back pain",2021,13,"40-44 years",40,TRUE,2,"Female",15,"mortality",0,0,0
356,"India","Low back pain",2021,13,"40-44 years",40,TRUE,2,"Female",7,"remission",0,0,0
356,"India","Low back pain",2021,13,"40-44 years",41,TRUE,2,"Female",5,"prevalence",0.125929691855633,0.0897920054488163,0.167515141215025
356,"India","Low back pain",2021,13,"40-44 years",41,TRUE,2,"Female",6,"incidence",0.05529050701,0.03890125696,0.0767324594612032
356,"India","Low back pain",2021,13,"40-44 years",41,TRUE,2,"Female",15,"mortality",0,0,0
356,"India","Low back pain",2021,13,"40-44 years",41,TRUE,2,"Female",7,"remission",0,0,0
356,"India","Low back pain",2021,13,"40-44 years",42,TRUE,2,"Female",5,"prevalence",0.125929691855633,0.0897920054488163,0.167515141215025
356,"India","Low back pain",2021,13,"40-44 years",42,TRUE,2,"Female",6,"incidence",0.05529050701,0.03890125696,0.0767324594612032
356,"India","Low back pain",2021,13,"40-44 years",42,TRUE,2,"Female",15,"mortality",0,0,0
356,"India","Low back pain",2021,13,"40-44 years",42,TRUE,2,"Female",7,"remission",0,0,0
356,"India","Low back pain",2021,13,"40-44 years",43,TRUE,2,"Female",5,"prevalence",0.125929691855633,0.0897920054488163,0.167515141215025
356,"India","Low back pain",2021,13,"40-44 years",43,TRUE,2,"Female",6,"incidence",0.05529050701,0.03890125696,0.0767324594612032
356,"India","Low back pain",2021,13,"40-44 years",43,TRUE,2,"Female",15,"mortality",0,0,0
356,"India","Low back pain",2021,13,"40-44 years",43,TRUE,2,"Female",7,"remission",0,0,0
356,"India","Low back pain",2021,13,"40-44 years",44,TRUE,2,"Female",5,"prevalence",0.125929691855633,0.0897920054488163,0.167515141215025
356,"India","Low back pain",2021,13,"40-44 years",44,TRUE,2,"Female",6,"incidence",0.05529050701,0.03890125696,0.0767324594612032
356,"India","Low back pain",2021,13,"40-44 years",44,TRUE,2,"Female",15,"mortality",0,0,0
356,"India","Low back pain",2021,13,"40-44 years",44,TRUE,2,"Female",7,"remission",0,0,0
356,"India","Low back pain",2021,14,"45-49 years",45,TRUE,1,"Male",5,"prevalence",0.06381481764,0.04508071757,0.08985210732
356,"India","Low back pain",2021,14,"45-49 years",45,TRUE,1,"Male",6,"incidence",0.02920793016,0.02049096932,0.04016309997
356,"India","Low back pain",2021,14,"45-49 years",45,TRUE,1,"Male",15,"mortality",0,0,0
356,"India","Low back pain",2021,14,"45-49 years",45,TRUE,1,"Male",7,"remission",0,0,0
356,"India","Low back pain",2021,14,"45-49 years",46,TRUE,1,"Male",5,"prevalence",0.06381481764,0.04508071757,0.08985210732
356,"India","Low back pain",2021,14,"45-49 years",46,TRUE,1,"Male",6,"incidence",0.02920793016,0.02049096932,0.04016309997
356,"India","Low back pain",2021,14,"45-49 years",46,TRUE,1,"Male",15,"mortality",0,0,0
356,"India","Low back pain",2021,14,"45-49 years",46,TRUE,1,"Male",7,"remission",0,0,0
356,"India","Low back pain",2021,14,"45-49 years",47,TRUE,1,"Male",5,"prevalence",0.06381481764,0.04508071757,0.08985210732
356,"India","Low back pain",2021,14,"45-49 years",47,TRUE,1,"Male",6,"incidence",0.02920793016,0.02049096932,0.04016309997
356,"India","Low back pain",2021,14,"45-49 years",47,TRUE,1,"Male",15,"mortality",0,0,0
356,"India","Low back pain",2021,14,"45-49 years",47,TRUE,1,"Male",7,"remission",0,0,0
356,"India","Low back pain",2021,14,"45-49 years",48,TRUE,1,"Male",5,"prevalence",0.06381481764,0.04508071757,0.08985210732
356,"India","Low back pain",2021,14,"45-49 years",48,TRUE,1,"Male",6,"incidence",0.02920793016,0.02049096932,0.04016309997
356,"India","Low back pain",2021,14,"45-49 years",48,TRUE,1,"Male",15,"mortality",0,0,0
356,"India","Low back pain",2021,14,"45-49 years",48,TRUE,1,"Male",7,"remission",0,0,0
356,"India","Low back pain",2021,14,"45-49 years",49,TRUE,1,"Male",5,"prevalence",0.06381481764,0.04508071757,0.08985210732
356,"India","Low back pain",2021,14,"45-49 years",49,TRUE,1,"Male",6,"incidence",0.02920793016,0.02049096932,0.04016309997
356,"India","Low back pain",2021,14,"45-49 years",49,TRUE,1,"Male",15,"mortality",0,0,0
356,"India","Low back pain",2021,14,"45-49 years",49,TRUE,1,"Male",7,"remission",0,0,0
356,"India","Low back pain",2021,14,"45-49 years",45,TRUE,2,"Female",5,"prevalence",0.1570935173,0.113031791422826,0.209752714428859
356,"India","Low back pain",2021,14,"45-49 years",45,TRUE,2,"Female",6,"incidence",0.06732680104,0.0480187038,0.09226282157
356,"India","Low back pain",2021,14,"45-49 years",45,TRUE,2,"Female",15,"mortality",0,0,0
356,"India","Low back pain",2021,14,"45-49 years",45,TRUE,2,"Female",7,"remission",0,0,0
356,"India","Low back pain",2021,14,"45-49 years",46,TRUE,2,"Female",5,"prevalence",0.1570935173,0.113031791422826,0.209752714428859
356,"India","Low back pain",2021,14,"45-49 years",46,TRUE,2,"Female",6,"incidence",0.06732680104,0.0480187038,0.09226282157
356,"India","Low back pain",2021,14,"45-49 years",46,TRUE,2,"Female",15,"mortality",0,0,0
356,"India","Low back pain",2021,14,"45-49 years",46,TRUE,2,"Female",7,"remission",0,0,0
356,"India","Low back pain",2021,14,"45-49 years",47,TRUE,2,"Female",5,"prevalence",0.1570935173,0.113031791422826,0.209752714428859
356,"India","Low back pain",2021,14,"45-49 years",47,TRUE,2,"Female",6,"incidence",0.06732680104,0.0480187038,0.09226282157
356,"India","Low back pain",2021,14,"45-49 years",47,TRUE,2,"Female",15,"mortality",0,0,0
356,"India","Low back pain",2021,14,"45-49 years",47,TRUE,2,"Female",7,"remission",0,0,0
356,"India","Low back pain",2021,14,"45-49 years",48,TRUE,2,"Female",5,"prevalence",0.1570935173,0.113031791422826,0.209752714428859
356,"India","Low back pain",2021,14,"45-49 years",48,TRUE,2,"Female",6,"incidence",0.06732680104,0.0480187038,0.09226282157
356,"India","Low back pain",2021,14,"45-49 years",48,TRUE,2,"Female",15,"mortality",0,0,0
356,"India","Low back pain",2021,14,"45-49 years",48,TRUE,2,"Female",7,"remission",0,0,0
356,"India","Low back pain",2021,14,"45-49 years",49,TRUE,2,"Female",5,"prevalence",0.1570935173,0.113031791422826,0.209752714428859
356,"India","Low back pain",2021,14,"45-49 years",49,TRUE,2,"Female",6,"incidence",0.06732680104,0.0480187038,0.09226282157
356,"India","Low back pain",2021,14,"45-49 years",49,TRUE,2,"Female",15,"mortality",0,0,0
356,"India","Low back pain",2021,14,"45-49 years",49,TRUE,2,"Female",7,"remission",0,0,0
356,"India","Low back pain",2021,15,"50-54 years",50,TRUE,1,"Male",5,"prevalence",0.0785412223,0.0544489403,0.10735752562654
356,"India","Low back pain",2021,15,"50-54 years",50,TRUE,1,"Male",6,"incidence",0.03481349762,0.02314526512,0.04889025104
356,"India","Low back pain",2021,15,"50-54 years",50,TRUE,1,"Male",15,"mortality",0,0,0
356,"India","Low back pain",2021,15,"50-54 years",50,TRUE,1,"Male",7,"remission",0,0,0
356,"India","Low back pain",2021,15,"50-54 years",51,TRUE,1,"Male",5,"prevalence",0.0785412223,0.0544489403,0.10735752562654
356,"India","Low back pain",2021,15,"50-54 years",51,TRUE,1,"Male",6,"incidence",0.03481349762,0.02314526512,0.04889025104
356,"India","Low back pain",2021,15,"50-54 years",51,TRUE,1,"Male",15,"mortality",0,0,0
356,"India","Low back pain",2021,15,"50-54 years",51,TRUE,1,"Male",7,"remission",0,0,0
356,"India","Low back pain",2021,15,"50-54 years",52,TRUE,1,"Male",5,"prevalence",0.0785412223,0.0544489403,0.10735752562654
356,"India","Low back pain",2021,15,"50-54 years",52,TRUE,1,"Male",6,"incidence",0.03481349762,0.02314526512,0.04889025104
356,"India","Low back pain",2021,15,"50-54 years",52,TRUE,1,"Male",15,"mortality",0,0,0
356,"India","Low back pain",2021,15,"50-54 years",52,TRUE,1,"Male",7,"remission",0,0,0
356,"India","Low back pain",2021,15,"50-54 years",53,TRUE,1,"Male",5,"prevalence",0.0785412223,0.0544489403,0.10735752562654
356,"India","Low back pain",2021,15,"50-54 years",53,TRUE,1,"Male",6,"incidence",0.03481349762,0.02314526512,0.04889025104
356,"India","Low back pain",2021,15,"50-54 years",53,TRUE,1,"Male",15,"mortality",0,0,0
356,"India","Low back pain",2021,15,"50-54 years",53,TRUE,1,"Male",7,"remission",0,0,0
356,"India","Low back pain",2021,15,"50-54 years",54,TRUE,1,"Male",5,"prevalence",0.0785412223,0.0544489403,0.10735752562654
356,"India","Low back pain",2021,15,"50-54 years",54,TRUE,1,"Male",6,"incidence",0.03481349762,0.02314526512,0.04889025104
356,"India","Low back pain",2021,15,"50-54 years",54,TRUE,1,"Male",15,"mortality",0,0,0
356,"India","Low back pain",2021,15,"50-54 years",54,TRUE,1,"Male",7,"remission",0,0,0
356,"India","Low back pain",2021,15,"50-54 years",50,TRUE,2,"Female",5,"prevalence",0.188397307675832,0.134824836066777,0.258888486026184
356,"India","Low back pain",2021,15,"50-54 years",50,TRUE,2,"Female",6,"incidence",0.07727890959,0.05270532879,0.104952752019725
356,"India","Low back pain",2021,15,"50-54 years",50,TRUE,2,"Female",15,"mortality",0,0,0
356,"India","Low back pain",2021,15,"50-54 years",50,TRUE,2,"Female",7,"remission",0,0,0
356,"India","Low back pain",2021,15,"50-54 years",51,TRUE,2,"Female",5,"prevalence",0.188397307675832,0.134824836066777,0.258888486026184
356,"India","Low back pain",2021,15,"50-54 years",51,TRUE,2,"Female",6,"incidence",0.07727890959,0.05270532879,0.104952752019725
356,"India","Low back pain",2021,15,"50-54 years",51,TRUE,2,"Female",15,"mortality",0,0,0
356,"India","Low back pain",2021,15,"50-54 years",51,TRUE,2,"Female",7,"remission",0,0,0
356,"India","Low back pain",2021,15,"50-54 years",52,TRUE,2,"Female",5,"prevalence",0.188397307675832,0.134824836066777,0.258888486026184
356,"India","Low back pain",2021,15,"50-54 years",52,TRUE,2,"Female",6,"incidence",0.07727890959,0.05270532879,0.104952752019725
356,"India","Low back pain",2021,15,"50-54 years",52,TRUE,2,"Female",15,"mortality",0,0,0
356,"India","Low back pain",2021,15,"50-54 years",52,TRUE,2,"Female",7,"remission",0,0,0
356,"India","Low back pain",2021,15,"50-54 years",53,TRUE,2,"Female",5,"prevalence",0.188397307675832,0.134824836066777,0.258888486026184
356,"India","Low back pain",2021,15,"50-54 years",53,TRUE,2,"Female",6,"incidence",0.07727890959,0.05270532879,0.104952752019725
356,"India","Low back pain",2021,15,"50-54 years",53,TRUE,2,"Female",15,"mortality",0,0,0
356,"India","Low back pain",2021,15,"50-54 years",53,TRUE,2,"Female",7,"remission",0,0,0
356,"India","Low back pain",2021,15,"50-54 years",54,TRUE,2,"Female",5,"prevalence",0.188397307675832,0.134824836066777,0.258888486026184
356,"India","Low back pain",2021,15,"50-54 years",54,TRUE,2,"Female",6,"incidence",0.07727890959,0.05270532879,0.104952752019725
356,"India","Low back pain",2021,15,"50-54 years",54,TRUE,2,"Female",15,"mortality",0,0,0
356,"India","Low back pain",2021,15,"50-54 years",54,TRUE,2,"Female",7,"remission",0,0,0
356,"India","Low back pain",2021,16,"55-59 years",55,TRUE,1,"Male",5,"prevalence",0.0895595990235595,0.0631952580336685,0.122363154719953
356,"India","Low back pain",2021,16,"55-59 years",55,TRUE,1,"Male",6,"incidence",0.039108349966833,0.02632357838,0.0536269344110438
356,"India","Low back pain",2021,16,"55-59 years",55,TRUE,1,"Male",15,"mortality",0,0,0
356,"India","Low back pain",2021,16,"55-59 years",55,TRUE,1,"Male",7,"remission",0,0,0
356,"India","Low back pain",2021,16,"55-59 years",56,TRUE,1,"Male",5,"prevalence",0.0895595990235595,0.0631952580336685,0.122363154719953
356,"India","Low back pain",2021,16,"55-59 years",56,TRUE,1,"Male",6,"incidence",0.039108349966833,0.02632357838,0.0536269344110438
356,"India","Low back pain",2021,16,"55-59 years",56,TRUE,1,"Male",15,"mortality",0,0,0
356,"India","Low back pain",2021,16,"55-59 years",56,TRUE,1,"Male",7,"remission",0,0,0
356,"India","Low back pain",2021,16,"55-59 years",57,TRUE,1,"Male",5,"prevalence",0.0895595990235595,0.0631952580336685,0.122363154719953
356,"India","Low back pain",2021,16,"55-59 years",57,TRUE,1,"Male",6,"incidence",0.039108349966833,0.02632357838,0.0536269344110438
356,"India","Low back pain",2021,16,"55-59 years",57,TRUE,1,"Male",15,"mortality",0,0,0
356,"India","Low back pain",2021,16,"55-59 years",57,TRUE,1,"Male",7,"remission",0,0,0
356,"India","Low back pain",2021,16,"55-59 years",58,TRUE,1,"Male",5,"prevalence",0.0895595990235595,0.0631952580336685,0.122363154719953
356,"India","Low back pain",2021,16,"55-59 years",58,TRUE,1,"Male",6,"incidence",0.039108349966833,0.02632357838,0.0536269344110438
356,"India","Low back pain",2021,16,"55-59 years",58,TRUE,1,"Male",15,"mortality",0,0,0
356,"India","Low back pain",2021,16,"55-59 years",58,TRUE,1,"Male",7,"remission",0,0,0
356,"India","Low back pain",2021,16,"55-59 years",59,TRUE,1,"Male",5,"prevalence",0.0895595990235595,0.0631952580336685,0.122363154719953
356,"India","Low back pain",2021,16,"55-59 years",59,TRUE,1,"Male",6,"incidence",0.039108349966833,0.02632357838,0.0536269344110438
356,"India","Low back pain",2021,16,"55-59 years",59,TRUE,1,"Male",15,"mortality",0,0,0
356,"India","Low back pain",2021,16,"55-59 years",59,TRUE,1,"Male",7,"remission",0,0,0
356,"India","Low back pain",2021,16,"55-59 years",55,TRUE,2,"Female",5,"prevalence",0.206459321878768,0.150902401621684,0.274228921615327
356,"India","Low back pain",2021,16,"55-59 years",55,TRUE,2,"Female",6,"incidence",0.0830773672,0.05854424538,0.112729075626662
356,"India","Low back pain",2021,16,"55-59 years",55,TRUE,2,"Female",15,"mortality",0,0,0
356,"India","Low back pain",2021,16,"55-59 years",55,TRUE,2,"Female",7,"remission",0,0,0
356,"India","Low back pain",2021,16,"55-59 years",56,TRUE,2,"Female",5,"prevalence",0.206459321878768,0.150902401621684,0.274228921615327
356,"India","Low back pain",2021,16,"55-59 years",56,TRUE,2,"Female",6,"incidence",0.0830773672,0.05854424538,0.112729075626662
356,"India","Low back pain",2021,16,"55-59 years",56,TRUE,2,"Female",15,"mortality",0,0,0
356,"India","Low back pain",2021,16,"55-59 years",56,TRUE,2,"Female",7,"remission",0,0,0
356,"India","Low back pain",2021,16,"55-59 years",57,TRUE,2,"Female",5,"prevalence",0.206459321878768,0.150902401621684,0.274228921615327
356,"India","Low back pain",2021,16,"55-59 years",57,TRUE,2,"Female",6,"incidence",0.0830773672,0.05854424538,0.112729075626662
356,"India","Low back pain",2021,16,"55-59 years",57,TRUE,2,"Female",15,"mortality",0,0,0
356,"India","Low back pain",2021,16,"55-59 years",57,TRUE,2,"Female",7,"remission",0,0,0
356,"India","Low back pain",2021,16,"55-59 years",58,TRUE,2,"Female",5,"prevalence",0.206459321878768,0.150902401621684,0.274228921615327
356,"India","Low back pain",2021,16,"55-59 years",58,TRUE,2,"Female",6,"incidence",0.0830773672,0.05854424538,0.112729075626662
356,"India","Low back pain",2021,16,"55-59 years",58,TRUE,2,"Female",15,"mortality",0,0,0
356,"India","Low back pain",2021,16,"55-59 years",58,TRUE,2,"Female",7,"remission",0,0,0
356,"India","Low back pain",2021,16,"55-59 years",59,TRUE,2,"Female",5,"prevalence",0.206459321878768,0.150902401621684,0.274228921615327
356,"India","Low back pain",2021,16,"55-59 years",59,TRUE,2,"Female",6,"incidence",0.0830773672,0.05854424538,0.112729075626662
356,"India","Low back pain",2021,16,"55-59 years",59,TRUE,2,"Female",15,"mortality",0,0,0
356,"India","Low back pain",2021,16,"55-59 years",59,TRUE,2,"Female",7,"remission",0,0,0
356,"India","Low back pain",2021,17,"60-64 years",60,TRUE,1,"Male",5,"prevalence",0.09844867309,0.06708722072,0.134149074979615
356,"India","Low back pain",2021,17,"60-64 years",60,TRUE,1,"Male",6,"incidence",0.04265655267,0.02883332466,0.0585185062448637
356,"India","Low back pain",2021,17,"60-64 years",60,TRUE,1,"Male",15,"mortality",0,0,0
356,"India","Low back pain",2021,17,"60-64 years",60,TRUE,1,"Male",7,"remission",0,0,0
356,"India","Low back pain",2021,17,"60-64 years",61,TRUE,1,"Male",5,"prevalence",0.09844867309,0.06708722072,0.134149074979615
356,"India","Low back pain",2021,17,"60-64 years",61,TRUE,1,"Male",6,"incidence",0.04265655267,0.02883332466,0.0585185062448637
356,"India","Low back pain",2021,17,"60-64 years",61,TRUE,1,"Male",15,"mortality",0,0,0
356,"India","Low back pain",2021,17,"60-64 years",61,TRUE,1,"Male",7,"remission",0,0,0
356,"India","Low back pain",2021,17,"60-64 years",62,TRUE,1,"Male",5,"prevalence",0.09844867309,0.06708722072,0.134149074979615
356,"India","Low back pain",2021,17,"60-64 years",62,TRUE,1,"Male",6,"incidence",0.04265655267,0.02883332466,0.0585185062448637
356,"India","Low back pain",2021,17,"60-64 years",62,TRUE,1,"Male",15,"mortality",0,0,0
356,"India","Low back pain",2021,17,"60-64 years",62,TRUE,1,"Male",7,"remission",0,0,0
356,"India","Low back pain",2021,17,"60-64 years",63,TRUE,1,"Male",5,"prevalence",0.09844867309,0.06708722072,0.134149074979615
356,"India","Low back pain",2021,17,"60-64 years",63,TRUE,1,"Male",6,"incidence",0.04265655267,0.02883332466,0.0585185062448637
356,"India","Low back pain",2021,17,"60-64 years",63,TRUE,1,"Male",15,"mortality",0,0,0
356,"India","Low back pain",2021,17,"60-64 years",63,TRUE,1,"Male",7,"remission",0,0,0
356,"India","Low back pain",2021,17,"60-64 years",64,TRUE,1,"Male",5,"prevalence",0.09844867309,0.06708722072,0.134149074979615
356,"India","Low back pain",2021,17,"60-64 years",64,TRUE,1,"Male",6,"incidence",0.04265655267,0.02883332466,0.0585185062448637
356,"India","Low back pain",2021,17,"60-64 years",64,TRUE,1,"Male",15,"mortality",0,0,0
356,"India","Low back pain",2021,17,"60-64 years",64,TRUE,1,"Male",7,"remission",0,0,0
356,"India","Low back pain",2021,17,"60-64 years",60,TRUE,2,"Female",5,"prevalence",0.216825561026302,0.155791782030599,0.288969077397948
356,"India","Low back pain",2021,17,"60-64 years",60,TRUE,2,"Female",6,"incidence",0.0868713867,0.06008022589,0.116518552472574
356,"India","Low back pain",2021,17,"60-64 years",60,TRUE,2,"Female",15,"mortality",0,0,0
356,"India","Low back pain",2021,17,"60-64 years",60,TRUE,2,"Female",7,"remission",0,0,0
356,"India","Low back pain",2021,17,"60-64 years",61,TRUE,2,"Female",5,"prevalence",0.216825561026302,0.155791782030599,0.288969077397948
356,"India","Low back pain",2021,17,"60-64 years",61,TRUE,2,"Female",6,"incidence",0.0868713867,0.06008022589,0.116518552472574
356,"India","Low back pain",2021,17,"60-64 years",61,TRUE,2,"Female",15,"mortality",0,0,0
356,"India","Low back pain",2021,17,"60-64 years",61,TRUE,2,"Female",7,"remission",0,0,0
356,"India","Low back pain",2021,17,"60-64 years",62,TRUE,2,"Female",5,"prevalence",0.216825561026302,0.155791782030599,0.288969077397948
356,"India","Low back pain",2021,17,"60-64 years",62,TRUE,2,"Female",6,"incidence",0.0868713867,0.06008022589,0.116518552472574
356,"India","Low back pain",2021,17,"60-64 years",62,TRUE,2,"Female",15,"mortality",0,0,0
356,"India","Low back pain",2021,17,"60-64 years",62,TRUE,2,"Female",7,"remission",0,0,0
356,"India","Low back pain",2021,17,"60-64 years",63,TRUE,2,"Female",5,"prevalence",0.216825561026302,0.155791782030599,0.288969077397948
356,"India","Low back pain",2021,17,"60-64 years",63,TRUE,2,"Female",6,"incidence",0.0868713867,0.06008022589,0.116518552472574
356,"India","Low back pain",2021,17,"60-64 years",63,TRUE,2,"Female",15,"mortality",0,0,0
356,"India","Low back pain",2021,17,"60-64 years",63,TRUE,2,"Female",7,"remission",0,0,0
356,"India","Low back pain",2021,17,"60-64 years",64,TRUE,2,"Female",5,"prevalence",0.216825561026302,0.155791782030599,0.288969077397948
356,"India","Low back pain",2021,17,"60-64 years",64,TRUE,2,"Female",6,"incidence",0.0868713867,0.06008022589,0.116518552472574
356,"India","Low back pain",2021,17,"60-64 years",64,TRUE,2,"Female",15,"mortality",0,0,0
356,"India","Low back pain",2021,17,"60-64 years",64,TRUE,2,"Female",7,"remission",0,0,0
356,"India","Low back pain",2021,18,"65-69 years",65,TRUE,1,"Male",5,"prevalence",0.105084470379284,0.07611879047,0.143640079853128
356,"India","Low back pain",2021,18,"65-69 years",65,TRUE,1,"Male",6,"incidence",0.04446868765,0.03041819273,0.06188220787
356,"India","Low back pain",2021,18,"65-69 years",65,TRUE,1,"Male",15,"mortality",0,0,0
356,"India","Low back pain",2021,18,"65-69 years",65,TRUE,1,"Male",7,"remission",0,0,0
356,"India","Low back pain",2021,18,"65-69 years",66,TRUE,1,"Male",5,"prevalence",0.105084470379284,0.07611879047,0.143640079853128
356,"India","Low back pain",2021,18,"65-69 years",66,TRUE,1,"Male",6,"incidence",0.04446868765,0.03041819273,0.06188220787
356,"India","Low back pain",2021,18,"65-69 years",66,TRUE,1,"Male",15,"mortality",0,0,0
356,"India","Low back pain",2021,18,"65-69 years",66,TRUE,1,"Male",7,"remission",0,0,0
356,"India","Low back pain",2021,18,"65-69 years",67,TRUE,1,"Male",5,"prevalence",0.105084470379284,0.07611879047,0.143640079853128
356,"India","Low back pain",2021,18,"65-69 years",67,TRUE,1,"Male",6,"incidence",0.04446868765,0.03041819273,0.06188220787
356,"India","Low back pain",2021,18,"65-69 years",67,TRUE,1,"Male",15,"mortality",0,0,0
356,"India","Low back pain",2021,18,"65-69 years",67,TRUE,1,"Male",7,"remission",0,0,0
356,"India","Low back pain",2021,18,"65-69 years",68,TRUE,1,"Male",5,"prevalence",0.105084470379284,0.07611879047,0.143640079853128
356,"India","Low back pain",2021,18,"65-69 years",68,TRUE,1,"Male",6,"incidence",0.04446868765,0.03041819273,0.06188220787
356,"India","Low back pain",2021,18,"65-69 years",68,TRUE,1,"Male",15,"mortality",0,0,0
356,"India","Low back pain",2021,18,"65-69 years",68,TRUE,1,"Male",7,"remission",0,0,0
356,"India","Low back pain",2021,18,"65-69 years",69,TRUE,1,"Male",5,"prevalence",0.105084470379284,0.07611879047,0.143640079853128
356,"India","Low back pain",2021,18,"65-69 years",69,TRUE,1,"Male",6,"incidence",0.04446868765,0.03041819273,0.06188220787
356,"India","Low back pain",2021,18,"65-69 years",69,TRUE,1,"Male",15,"mortality",0,0,0
356,"India","Low back pain",2021,18,"65-69 years",69,TRUE,1,"Male",7,"remission",0,0,0
356,"India","Low back pain",2021,18,"65-69 years",65,TRUE,2,"Female",5,"prevalence",0.2196965413,0.161737698404608,0.294446352375043
356,"India","Low back pain",2021,18,"65-69 years",65,TRUE,2,"Female",6,"incidence",0.08525361905,0.05954289191,0.115525269177503
356,"India","Low back pain",2021,18,"65-69 years",65,TRUE,2,"Female",15,"mortality",0,0,0
356,"India","Low back pain",2021,18,"65-69 years",65,TRUE,2,"Female",7,"remission",0,0,0
356,"India","Low back pain",2021,18,"65-69 years",66,TRUE,2,"Female",5,"prevalence",0.2196965413,0.161737698404608,0.294446352375043
356,"India","Low back pain",2021,18,"65-69 years",66,TRUE,2,"Female",6,"incidence",0.08525361905,0.05954289191,0.115525269177503
356,"India","Low back pain",2021,18,"65-69 years",66,TRUE,2,"Female",15,"mortality",0,0,0
356,"India","Low back pain",2021,18,"65-69 years",66,TRUE,2,"Female",7,"remission",0,0,0
356,"India","Low back pain",2021,18,"65-69 years",67,TRUE,2,"Female",5,"prevalence",0.2196965413,0.161737698404608,0.294446352375043
356,"India","Low back pain",2021,18,"65-69 years",67,TRUE,2,"Female",6,"incidence",0.08525361905,0.05954289191,0.115525269177503
356,"India","Low back pain",2021,18,"65-69 years",67,TRUE,2,"Female",15,"mortality",0,0,0
356,"India","Low back pain",2021,18,"65-69 years",67,TRUE,2,"Female",7,"remission",0,0,0
356,"India","Low back pain",2021,18,"65-69 years",68,TRUE,2,"Female",5,"prevalence",0.2196965413,0.161737698404608,0.294446352375043
356,"India","Low back pain",2021,18,"65-69 years",68,TRUE,2,"Female",6,"incidence",0.08525361905,0.05954289191,0.115525269177503
356,"India","Low back pain",2021,18,"65-69 years",68,TRUE,2,"Female",15,"mortality",0,0,0
356,"India","Low back pain",2021,18,"65-69 years",68,TRUE,2,"Female",7,"remission",0,0,0
356,"India","Low back pain",2021,18,"65-69 years",69,TRUE,2,"Female",5,"prevalence",0.2196965413,0.161737698404608,0.294446352375043
356,"India","Low back pain",2021,18,"65-69 years",69,TRUE,2,"Female",6,"incidence",0.08525361905,0.05954289191,0.115525269177503
356,"India","Low back pain",2021,18,"65-69 years",69,TRUE,2,"Female",15,"mortality",0,0,0
356,"India","Low back pain",2021,18,"65-69 years",69,TRUE,2,"Female",7,"remission",0,0,0
356,"India","Low back pain",2021,19,"70-74 years",70,TRUE,1,"Male",5,"prevalence",0.112462284797588,0.07831865465,0.15197972541613
356,"India","Low back pain",2021,19,"70-74 years",70,TRUE,1,"Male",6,"incidence",0.04965713327,0.0335993984870661,0.0694203548867972
356,"India","Low back pain",2021,19,"70-74 years",70,TRUE,1,"Male",15,"mortality",0,0,0
356,"India","Low back pain",2021,19,"70-74 years",70,TRUE,1,"Male",7,"remission",0,0,0
356,"India","Low back pain",2021,19,"70-74 years",71,TRUE,1,"Male",5,"prevalence",0.112462284797588,0.07831865465,0.15197972541613
356,"India","Low back pain",2021,19,"70-74 years",71,TRUE,1,"Male",6,"incidence",0.04965713327,0.0335993984870661,0.0694203548867972
356,"India","Low back pain",2021,19,"70-74 years",71,TRUE,1,"Male",15,"mortality",0,0,0
356,"India","Low back pain",2021,19,"70-74 years",71,TRUE,1,"Male",7,"remission",0,0,0
356,"India","Low back pain",2021,19,"70-74 years",72,TRUE,1,"Male",5,"prevalence",0.112462284797588,0.07831865465,0.15197972541613
356,"India","Low back pain",2021,19,"70-74 years",72,TRUE,1,"Male",6,"incidence",0.04965713327,0.0335993984870661,0.0694203548867972
356,"India","Low back pain",2021,19,"70-74 years",72,TRUE,1,"Male",15,"mortality",0,0,0
356,"India","Low back pain",2021,19,"70-74 years",72,TRUE,1,"Male",7,"remission",0,0,0
356,"India","Low back pain",2021,19,"70-74 years",73,TRUE,1,"Male",5,"prevalence",0.112462284797588,0.07831865465,0.15197972541613
356,"India","Low back pain",2021,19,"70-74 years",73,TRUE,1,"Male",6,"incidence",0.04965713327,0.0335993984870661,0.0694203548867972
356,"India","Low back pain",2021,19,"70-74 years",73,TRUE,1,"Male",15,"mortality",0,0,0
356,"India","Low back pain",2021,19,"70-74 years",73,TRUE,1,"Male",7,"remission",0,0,0
356,"India","Low back pain",2021,19,"70-74 years",74,TRUE,1,"Male",5,"prevalence",0.112462284797588,0.07831865465,0.15197972541613
356,"India","Low back pain",2021,19,"70-74 years",74,TRUE,1,"Male",6,"incidence",0.04965713327,0.0335993984870661,0.0694203548867972
356,"India","Low back pain",2021,19,"70-74 years",74,TRUE,1,"Male",15,"mortality",0,0,0
356,"India","Low back pain",2021,19,"70-74 years",74,TRUE,1,"Male",7,"remission",0,0,0
356,"India","Low back pain",2021,19,"70-74 years",70,TRUE,2,"Female",5,"prevalence",0.219577917158599,0.158472575529753,0.29123488139517
356,"India","Low back pain",2021,19,"70-74 years",70,TRUE,2,"Female",6,"incidence",0.08936886388,0.0607117518350596,0.124601522389996
356,"India","Low back pain",2021,19,"70-74 years",70,TRUE,2,"Female",15,"mortality",0,0,0
356,"India","Low back pain",2021,19,"70-74 years",70,TRUE,2,"Female",7,"remission",0,0,0
356,"India","Low back pain",2021,19,"70-74 years",71,TRUE,2,"Female",5,"prevalence",0.219577917158599,0.158472575529753,0.29123488139517
356,"India","Low back pain",2021,19,"70-74 years",71,TRUE,2,"Female",6,"incidence",0.08936886388,0.0607117518350596,0.124601522389996
356,"India","Low back pain",2021,19,"70-74 years",71,TRUE,2,"Female",15,"mortality",0,0,0
356,"India","Low back pain",2021,19,"70-74 years",71,TRUE,2,"Female",7,"remission",0,0,0
356,"India","Low back pain",2021,19,"70-74 years",72,TRUE,2,"Female",5,"prevalence",0.219577917158599,0.158472575529753,0.29123488139517
356,"India","Low back pain",2021,19,"70-74 years",72,TRUE,2,"Female",6,"incidence",0.08936886388,0.0607117518350596,0.124601522389996
356,"India","Low back pain",2021,19,"70-74 years",72,TRUE,2,"Female",15,"mortality",0,0,0
356,"India","Low back pain",2021,19,"70-74 years",72,TRUE,2,"Female",7,"remission",0,0,0
356,"India","Low back pain",2021,19,"70-74 years",73,TRUE,2,"Female",5,"prevalence",0.219577917158599,0.158472575529753,0.29123488139517
356,"India","Low back pain",2021,19,"70-74 years",73,TRUE,2,"Female",6,"incidence",0.08936886388,0.0607117518350596,0.124601522389996
356,"India","Low back pain",2021,19,"70-74 years",73,TRUE,2,"Female",15,"mortality",0,0,0
356,"India","Low back pain",2021,19,"70-74 years",73,TRUE,2,"Female",7,"remission",0,0,0
356,"India","Low back pain",2021,19,"70-74 years",74,TRUE,2,"Female",5,"prevalence",0.219577917158599,0.158472575529753,0.29123488139517
356,"India","Low back pain",2021,19,"70-74 years",74,TRUE,2,"Female",6,"incidence",0.08936886388,0.0607117518350596,0.124601522389996
356,"India","Low back pain",2021,19,"70-74 years",74,TRUE,2,"Female",15,"mortality",0,0,0
356,"India","Low back pain",2021,19,"70-74 years",74,TRUE,2,"Female",7,"remission",0,0,0
356,"India","Low back pain",2021,20,"75-79 years",75,TRUE,1,"Male",5,"prevalence",0.126370901229663,0.08940820254,0.170644634775812
356,"India","Low back pain",2021,20,"75-79 years",75,TRUE,1,"Male",6,"incidence",0.05464855547,0.0387328824354605,0.07462264117
356,"India","Low back pain",2021,20,"75-79 years",75,TRUE,1,"Male",15,"mortality",0,0,0
356,"India","Low back pain",2021,20,"75-79 years",75,TRUE,1,"Male",7,"remission",0,0,0
356,"India","Low back pain",2021,20,"75-79 years",76,TRUE,1,"Male",5,"prevalence",0.126370901229663,0.08940820254,0.170644634775812
356,"India","Low back pain",2021,20,"75-79 years",76,TRUE,1,"Male",6,"incidence",0.05464855547,0.0387328824354605,0.07462264117
356,"India","Low back pain",2021,20,"75-79 years",76,TRUE,1,"Male",15,"mortality",0,0,0
356,"India","Low back pain",2021,20,"75-79 years",76,TRUE,1,"Male",7,"remission",0,0,0
356,"India","Low back pain",2021,20,"75-79 years",77,TRUE,1,"Male",5,"prevalence",0.126370901229663,0.08940820254,0.170644634775812
356,"India","Low back pain",2021,20,"75-79 years",77,TRUE,1,"Male",6,"incidence",0.05464855547,0.0387328824354605,0.07462264117
356,"India","Low back pain",2021,20,"75-79 years",77,TRUE,1,"Male",15,"mortality",0,0,0
356,"India","Low back pain",2021,20,"75-79 years",77,TRUE,1,"Male",7,"remission",0,0,0
356,"India","Low back pain",2021,20,"75-79 years",78,TRUE,1,"Male",5,"prevalence",0.126370901229663,0.08940820254,0.170644634775812
356,"India","Low back pain",2021,20,"75-79 years",78,TRUE,1,"Male",6,"incidence",0.05464855547,0.0387328824354605,0.07462264117
356,"India","Low back pain",2021,20,"75-79 years",78,TRUE,1,"Male",15,"mortality",0,0,0
356,"India","Low back pain",2021,20,"75-79 years",78,TRUE,1,"Male",7,"remission",0,0,0
356,"India","Low back pain",2021,20,"75-79 years",79,TRUE,1,"Male",5,"prevalence",0.126370901229663,0.08940820254,0.170644634775812
356,"India","Low back pain",2021,20,"75-79 years",79,TRUE,1,"Male",6,"incidence",0.05464855547,0.0387328824354605,0.07462264117
356,"India","Low back pain",2021,20,"75-79 years",79,TRUE,1,"Male",15,"mortality",0,0,0
356,"India","Low back pain",2021,20,"75-79 years",79,TRUE,1,"Male",7,"remission",0,0,0
356,"India","Low back pain",2021,20,"75-79 years",75,TRUE,2,"Female",5,"prevalence",0.237508437603196,0.175342604099631,0.319426673670476
356,"India","Low back pain",2021,20,"75-79 years",75,TRUE,2,"Female",6,"incidence",0.0970176262370842,0.07087959092,0.128890994024411
356,"India","Low back pain",2021,20,"75-79 years",75,TRUE,2,"Female",15,"mortality",0,0,0
356,"India","Low back pain",2021,20,"75-79 years",75,TRUE,2,"Female",7,"remission",0,0,0
356,"India","Low back pain",2021,20,"75-79 years",76,TRUE,2,"Female",5,"prevalence",0.237508437603196,0.175342604099631,0.319426673670476
356,"India","Low back pain",2021,20,"75-79 years",76,TRUE,2,"Female",6,"incidence",0.0970176262370842,0.07087959092,0.128890994024411
356,"India","Low back pain",2021,20,"75-79 years",76,TRUE,2,"Female",15,"mortality",0,0,0
356,"India","Low back pain",2021,20,"75-79 years",76,TRUE,2,"Female",7,"remission",0,0,0
356,"India","Low back pain",2021,20,"75-79 years",77,TRUE,2,"Female",5,"prevalence",0.237508437603196,0.175342604099631,0.319426673670476
356,"India","Low back pain",2021,20,"75-79 years",77,TRUE,2,"Female",6,"incidence",0.0970176262370842,0.07087959092,0.128890994024411
356,"India","Low back pain",2021,20,"75-79 years",77,TRUE,2,"Female",15,"mortality",0,0,0
356,"India","Low back pain",2021,20,"75-79 years",77,TRUE,2,"Female",7,"remission",0,0,0
356,"India","Low back pain",2021,20,"75-79 years",78,TRUE,2,"Female",5,"prevalence",0.237508437603196,0.175342604099631,0.319426673670476
356,"India","Low back pain",2021,20,"75-79 years",78,TRUE,2,"Female",6,"incidence",0.0970176262370842,0.07087959092,0.128890994024411
356,"India","Low back pain",2021,20,"75-79 years",78,TRUE,2,"Female",15,"mortality",0,0,0
356,"India","Low back pain",2021,20,"75-79 years",78,TRUE,2,"Female",7,"remission",0,0,0
356,"India","Low back pain",2021,20,"75-79 years",79,TRUE,2,"Female",5,"prevalence",0.237508437603196,0.175342604099631,0.319426673670476
356,"India","Low back pain",2021,20,"75-79 years",79,TRUE,2,"Female",6,"incidence",0.0970176262370842,0.07087959092,0.128890994024411
356,"India","Low back pain",2021,20,"75-79 years",79,TRUE,2,"Female",15,"mortality",0,0,0
356,"India","Low back pain",2021,20,"75-79 years",79,TRUE,2,"Female",7,"remission",0,0,0
356,"India","Low back pain",2021,30,"80-84 years",80,TRUE,1,"Male",5,"prevalence",0.135798599479884,0.09947337991,0.182752725999124
356,"India","Low back pain",2021,30,"80-84 years",80,TRUE,1,"Male",6,"incidence",0.05914752074,0.04038202841,0.0835653184556295
356,"India","Low back pain",2021,30,"80-84 years",80,TRUE,1,"Male",15,"mortality",0,0,0
356,"India","Low back pain",2021,30,"80-84 years",80,TRUE,1,"Male",7,"remission",0,0,0
356,"India","Low back pain",2021,30,"80-84 years",81,TRUE,1,"Male",5,"prevalence",0.135798599479884,0.09947337991,0.182752725999124
356,"India","Low back pain",2021,30,"80-84 years",81,TRUE,1,"Male",6,"incidence",0.05914752074,0.04038202841,0.0835653184556295
356,"India","Low back pain",2021,30,"80-84 years",81,TRUE,1,"Male",15,"mortality",0,0,0
356,"India","Low back pain",2021,30,"80-84 years",81,TRUE,1,"Male",7,"remission",0,0,0
356,"India","Low back pain",2021,30,"80-84 years",82,TRUE,1,"Male",5,"prevalence",0.135798599479884,0.09947337991,0.182752725999124
356,"India","Low back pain",2021,30,"80-84 years",82,TRUE,1,"Male",6,"incidence",0.05914752074,0.04038202841,0.0835653184556295
356,"India","Low back pain",2021,30,"80-84 years",82,TRUE,1,"Male",15,"mortality",0,0,0
356,"India","Low back pain",2021,30,"80-84 years",82,TRUE,1,"Male",7,"remission",0,0,0
356,"India","Low back pain",2021,30,"80-84 years",83,TRUE,1,"Male",5,"prevalence",0.135798599479884,0.09947337991,0.182752725999124
356,"India","Low back pain",2021,30,"80-84 years",83,TRUE,1,"Male",6,"incidence",0.05914752074,0.04038202841,0.0835653184556295
356,"India","Low back pain",2021,30,"80-84 years",83,TRUE,1,"Male",15,"mortality",0,0,0
356,"India","Low back pain",2021,30,"80-84 years",83,TRUE,1,"Male",7,"remission",0,0,0
356,"India","Low back pain",2021,30,"80-84 years",84,TRUE,1,"Male",5,"prevalence",0.135798599479884,0.09947337991,0.182752725999124
356,"India","Low back pain",2021,30,"80-84 years",84,TRUE,1,"Male",6,"incidence",0.05914752074,0.04038202841,0.0835653184556295
356,"India","Low back pain",2021,30,"80-84 years",84,TRUE,1,"Male",15,"mortality",0,0,0
356,"India","Low back pain",2021,30,"80-84 years",84,TRUE,1,"Male",7,"remission",0,0,0
356,"India","Low back pain",2021,30,"80-84 years",80,TRUE,2,"Female",5,"prevalence",0.258535965686193,0.195302176044534,0.339167397349983
356,"India","Low back pain",2021,30,"80-84 years",80,TRUE,2,"Female",6,"incidence",0.10493168569692,0.07208518442,0.143970659784297
356,"India","Low back pain",2021,30,"80-84 years",80,TRUE,2,"Female",15,"mortality",0,0,0
356,"India","Low back pain",2021,30,"80-84 years",80,TRUE,2,"Female",7,"remission",0,0,0
356,"India","Low back pain",2021,30,"80-84 years",81,TRUE,2,"Female",5,"prevalence",0.258535965686193,0.195302176044534,0.339167397349983
356,"India","Low back pain",2021,30,"80-84 years",81,TRUE,2,"Female",6,"incidence",0.10493168569692,0.07208518442,0.143970659784297
356,"India","Low back pain",2021,30,"80-84 years",81,TRUE,2,"Female",15,"mortality",0,0,0
356,"India","Low back pain",2021,30,"80-84 years",81,TRUE,2,"Female",7,"remission",0,0,0
356,"India","Low back pain",2021,30,"80-84 years",82,TRUE,2,"Female",5,"prevalence",0.258535965686193,0.195302176044534,0.339167397349983
356,"India","Low back pain",2021,30,"80-84 years",82,TRUE,2,"Female",6,"incidence",0.10493168569692,0.07208518442,0.143970659784297
356,"India","Low back pain",2021,30,"80-84 years",82,TRUE,2,"Female",15,"mortality",0,0,0
356,"India","Low back pain",2021,30,"80-84 years",82,TRUE,2,"Female",7,"remission",0,0,0
356,"India","Low back pain",2021,30,"80-84 years",83,TRUE,2,"Female",5,"prevalence",0.258535965686193,0.195302176044534,0.339167397349983
356,"India","Low back pain",2021,30,"80-84 years",83,TRUE,2,"Female",6,"incidence",0.10493168569692,0.07208518442,0.143970659784297
356,"India","Low back pain",2021,30,"80-84 years",83,TRUE,2,"Female",15,"mortality",0,0,0
356,"India","Low back pain",2021,30,"80-84 years",83,TRUE,2,"Female",7,"remission",0,0,0
356,"India","Low back pain",2021,30,"80-84 years",84,TRUE,2,"Female",5,"prevalence",0.258535965686193,0.195302176044534,0.339167397349983
356,"India","Low back pain",2021,30,"80-84 years",84,TRUE,2,"Female",6,"incidence",0.10493168569692,0.07208518442,0.143970659784297
356,"India","Low back pain",2021,30,"80-84 years",84,TRUE,2,"Female",15,"mortality",0,0,0
356,"India","Low back pain",2021,30,"80-84 years",84,TRUE,2,"Female",7,"remission",0,0,0
356,"India","Low back pain",2021,31,"85-89 years",85,TRUE,1,"Male",5,"prevalence",0.146386942958596,0.103846455832496,0.201804342421064
356,"India","Low back pain",2021,31,"85-89 years",85,TRUE,1,"Male",6,"incidence",0.06087757131,0.04373725973,0.08262560305
356,"India","Low back pain",2021,31,"85-89 years",85,TRUE,1,"Male",15,"mortality",0,0,0
356,"India","Low back pain",2021,31,"85-89 years",85,TRUE,1,"Male",7,"remission",0,0,0
356,"India","Low back pain",2021,31,"85-89 years",86,TRUE,1,"Male",5,"prevalence",0.146386942958596,0.103846455832496,0.201804342421064
356,"India","Low back pain",2021,31,"85-89 years",86,TRUE,1,"Male",6,"incidence",0.06087757131,0.04373725973,0.08262560305
356,"India","Low back pain",2021,31,"85-89 years",86,TRUE,1,"Male",15,"mortality",0,0,0
356,"India","Low back pain",2021,31,"85-89 years",86,TRUE,1,"Male",7,"remission",0,0,0
356,"India","Low back pain",2021,31,"85-89 years",87,TRUE,1,"Male",5,"prevalence",0.146386942958596,0.103846455832496,0.201804342421064
356,"India","Low back pain",2021,31,"85-89 years",87,TRUE,1,"Male",6,"incidence",0.06087757131,0.04373725973,0.08262560305
356,"India","Low back pain",2021,31,"85-89 years",87,TRUE,1,"Male",15,"mortality",0,0,0
356,"India","Low back pain",2021,31,"85-89 years",87,TRUE,1,"Male",7,"remission",0,0,0
356,"India","Low back pain",2021,31,"85-89 years",88,TRUE,1,"Male",5,"prevalence",0.146386942958596,0.103846455832496,0.201804342421064
356,"India","Low back pain",2021,31,"85-89 years",88,TRUE,1,"Male",6,"incidence",0.06087757131,0.04373725973,0.08262560305
356,"India","Low back pain",2021,31,"85-89 years",88,TRUE,1,"Male",15,"mortality",0,0,0
356,"India","Low back pain",2021,31,"85-89 years",88,TRUE,1,"Male",7,"remission",0,0,0
356,"India","Low back pain",2021,31,"85-89 years",89,TRUE,1,"Male",5,"prevalence",0.146386942958596,0.103846455832496,0.201804342421064
356,"India","Low back pain",2021,31,"85-89 years",89,TRUE,1,"Male",6,"incidence",0.06087757131,0.04373725973,0.08262560305
356,"India","Low back pain",2021,31,"85-89 years",89,TRUE,1,"Male",15,"mortality",0,0,0
356,"India","Low back pain",2021,31,"85-89 years",89,TRUE,1,"Male",7,"remission",0,0,0
356,"India","Low back pain",2021,31,"85-89 years",85,TRUE,2,"Female",5,"prevalence",0.276292927788797,0.198240705710176,0.367471188071612
356,"India","Low back pain",2021,31,"85-89 years",85,TRUE,2,"Female",6,"incidence",0.101578289514336,0.0750124318617229,0.133359985544535
356,"India","Low back pain",2021,31,"85-89 years",85,TRUE,2,"Female",15,"mortality",0,0,0
356,"India","Low back pain",2021,31,"85-89 years",85,TRUE,2,"Female",7,"remission",0,0,0
356,"India","Low back pain",2021,31,"85-89 years",86,TRUE,2,"Female",5,"prevalence",0.276292927788797,0.198240705710176,0.367471188071612
356,"India","Low back pain",2021,31,"85-89 years",86,TRUE,2,"Female",6,"incidence",0.101578289514336,0.0750124318617229,0.133359985544535
356,"India","Low back pain",2021,31,"85-89 years",86,TRUE,2,"Female",15,"mortality",0,0,0
356,"India","Low back pain",2021,31,"85-89 years",86,TRUE,2,"Female",7,"remission",0,0,0
356,"India","Low back pain",2021,31,"85-89 years",87,TRUE,2,"Female",5,"prevalence",0.276292927788797,0.198240705710176,0.367471188071612
356,"India","Low back pain",2021,31,"85-89 years",87,TRUE,2,"Female",6,"incidence",0.101578289514336,0.0750124318617229,0.133359985544535
356,"India","Low back pain",2021,31,"85-89 years",87,TRUE,2,"Female",15,"mortality",0,0,0
356,"India","Low back pain",2021,31,"85-89 years",87,TRUE,2,"Female",7,"remission",0,0,0
356,"India","Low back pain",2021,31,"85-89 years",88,TRUE,2,"Female",5,"prevalence",0.276292927788797,0.198240705710176,0.367471188071612
356,"India","Low back pain",2021,31,"85-89 years",88,TRUE,2,"Female",6,"incidence",0.101578289514336,0.0750124318617229,0.133359985544535
356,"India","Low back pain",2021,31,"85-89 years",88,TRUE,2,"Female",15,"mortality",0,0,0
356,"India","Low back pain",2021,31,"85-89 years",88,TRUE,2,"Female",7,"remission",0,0,0
356,"India","Low back pain",2021,31,"85-89 years",89,TRUE,2,"Female",5,"prevalence",0.276292927788797,0.198240705710176,0.367471188071612
356,"India","Low back pain",2021,31,"85-89 years",89,TRUE,2,"Female",6,"incidence",0.101578289514336,0.0750124318617229,0.133359985544535
356,"India","Low back pain",2021,31,"85-89 years",89,TRUE,2,"Female",15,"mortality",0,0,0
356,"India","Low back pain",2021,31,"85-89 years",89,TRUE,2,"Female",7,"remission",0,0,0
356,"India","Low back pain",2021,32,"90-94 years",90,TRUE,1,"Male",5,"prevalence",0.14382295483262,0.102755724639261,0.190299064564263
356,"India","Low back pain",2021,32,"90-94 years",90,TRUE,1,"Male",6,"incidence",0.0574103224,0.03961548866,0.0768869702069031
356,"India","Low back pain",2021,32,"90-94 years",90,TRUE,1,"Male",15,"mortality",0,0,0
356,"India","Low back pain",2021,32,"90-94 years",90,TRUE,1,"Male",7,"remission",0,0,0
356,"India","Low back pain",2021,32,"90-94 years",91,TRUE,1,"Male",5,"prevalence",0.14382295483262,0.102755724639261,0.190299064564263
356,"India","Low back pain",2021,32,"90-94 years",91,TRUE,1,"Male",6,"incidence",0.0574103224,0.03961548866,0.0768869702069031
356,"India","Low back pain",2021,32,"90-94 years",91,TRUE,1,"Male",15,"mortality",0,0,0
356,"India","Low back pain",2021,32,"90-94 years",91,TRUE,1,"Male",7,"remission",0,0,0
356,"India","Low back pain",2021,32,"90-94 years",92,TRUE,1,"Male",5,"prevalence",0.14382295483262,0.102755724639261,0.190299064564263
356,"India","Low back pain",2021,32,"90-94 years",92,TRUE,1,"Male",6,"incidence",0.0574103224,0.03961548866,0.0768869702069031
356,"India","Low back pain",2021,32,"90-94 years",92,TRUE,1,"Male",15,"mortality",0,0,0
356,"India","Low back pain",2021,32,"90-94 years",92,TRUE,1,"Male",7,"remission",0,0,0
356,"India","Low back pain",2021,32,"90-94 years",93,TRUE,1,"Male",5,"prevalence",0.14382295483262,0.102755724639261,0.190299064564263
356,"India","Low back pain",2021,32,"90-94 years",93,TRUE,1,"Male",6,"incidence",0.0574103224,0.03961548866,0.0768869702069031
356,"India","Low back pain",2021,32,"90-94 years",93,TRUE,1,"Male",15,"mortality",0,0,0
356,"India","Low back pain",2021,32,"90-94 years",93,TRUE,1,"Male",7,"remission",0,0,0
356,"India","Low back pain",2021,32,"90-94 years",94,TRUE,1,"Male",5,"prevalence",0.14382295483262,0.102755724639261,0.190299064564263
356,"India","Low back pain",2021,32,"90-94 years",94,TRUE,1,"Male",6,"incidence",0.0574103224,0.03961548866,0.0768869702069031
356,"India","Low back pain",2021,32,"90-94 years",94,TRUE,1,"Male",15,"mortality",0,0,0
356,"India","Low back pain",2021,32,"90-94 years",94,TRUE,1,"Male",7,"remission",0,0,0
356,"India","Low back pain",2021,32,"90-94 years",90,TRUE,2,"Female",5,"prevalence",0.256268000204594,0.190629838060177,0.335474246296371
356,"India","Low back pain",2021,32,"90-94 years",90,TRUE,2,"Female",6,"incidence",0.0879943761,0.0613724327,0.116982005225941
356,"India","Low back pain",2021,32,"90-94 years",90,TRUE,2,"Female",15,"mortality",0,0,0
356,"India","Low back pain",2021,32,"90-94 years",90,TRUE,2,"Female",7,"remission",0,0,0
356,"India","Low back pain",2021,32,"90-94 years",91,TRUE,2,"Female",5,"prevalence",0.256268000204594,0.190629838060177,0.335474246296371
356,"India","Low back pain",2021,32,"90-94 years",91,TRUE,2,"Female",6,"incidence",0.0879943761,0.0613724327,0.116982005225941
356,"India","Low back pain",2021,32,"90-94 years",91,TRUE,2,"Female",15,"mortality",0,0,0
356,"India","Low back pain",2021,32,"90-94 years",91,TRUE,2,"Female",7,"remission",0,0,0
356,"India","Low back pain",2021,32,"90-94 years",92,TRUE,2,"Female",5,"prevalence",0.256268000204594,0.190629838060177,0.335474246296371
356,"India","Low back pain",2021,32,"90-94 years",92,TRUE,2,"Female",6,"incidence",0.0879943761,0.0613724327,0.116982005225941
356,"India","Low back pain",2021,32,"90-94 years",92,TRUE,2,"Female",15,"mortality",0,0,0
356,"India","Low back pain",2021,32,"90-94 years",92,TRUE,2,"Female",7,"remission",0,0,0
356,"India","Low back pain",2021,32,"90-94 years",93,TRUE,2,"Female",5,"prevalence",0.256268000204594,0.190629838060177,0.335474246296371
356,"India","Low back pain",2021,32,"90-94 years",93,TRUE,2,"Female",6,"incidence",0.0879943761,0.0613724327,0.116982005225941
356,"India","Low back pain",2021,32,"90-94 years",93,TRUE,2,"Female",15,"mortality",0,0,0
356,"India","Low back pain",2021,32,"90-94 years",93,TRUE,2,"Female",7,"remission",0,0,0
356,"India","Low back pain",2021,32,"90-94 years",94,TRUE,2,"Female",5,"prevalence",0.256268000204594,0.190629838060177,0.335474246296371
356,"India","Low back pain",2021,32,"90-94 years",94,TRUE,2,"Female",6,"incidence",0.0879943761,0.0613724327,0.116982005225941
356,"India","Low back pain",2021,32,"90-94 years",94,TRUE,2,"Female",15,"mortality",0,0,0
356,"India","Low back pain",2021,32,"90-94 years",94,TRUE,2,"Female",7,"remission",0,0,0
356,"India","Low back pain",2021,235,"95+ years",95,TRUE,1,"Male",5,"prevalence",0.138000198613583,0.09490346727,0.19281076918768
356,"India","Low back pain",2021,235,"95+ years",95,TRUE,1,"Male",6,"incidence",0.0538181487,0.03405378513,0.0799039543064918
356,"India","Low back pain",2021,235,"95+ years",95,TRUE,1,"Male",15,"mortality",0,0,0
356,"India","Low back pain",2021,235,"95+ years",95,TRUE,1,"Male",7,"remission",0,0,0
356,"India","Low back pain",2021,235,"95+ years",96,TRUE,1,"Male",5,"prevalence",0.138000198613583,0.09490346727,0.19281076918768
356,"India","Low back pain",2021,235,"95+ years",96,TRUE,1,"Male",6,"incidence",0.0538181487,0.03405378513,0.0799039543064918
356,"India","Low back pain",2021,235,"95+ years",96,TRUE,1,"Male",15,"mortality",0,0,0
356,"India","Low back pain",2021,235,"95+ years",96,TRUE,1,"Male",7,"remission",0,0,0
356,"India","Low back pain",2021,235,"95+ years",97,TRUE,1,"Male",5,"prevalence",0.138000198613583,0.09490346727,0.19281076918768
356,"India","Low back pain",2021,235,"95+ years",97,TRUE,1,"Male",6,"incidence",0.0538181487,0.03405378513,0.0799039543064918
356,"India","Low back pain",2021,235,"95+ years",97,TRUE,1,"Male",15,"mortality",0,0,0
356,"India","Low back pain",2021,235,"95+ years",97,TRUE,1,"Male",7,"remission",0,0,0
356,"India","Low back pain",2021,235,"95+ years",98,TRUE,1,"Male",5,"prevalence",0.138000198613583,0.09490346727,0.19281076918768
356,"India","Low back pain",2021,235,"95+ years",98,TRUE,1,"Male",6,"incidence",0.0538181487,0.03405378513,0.0799039543064918
356,"India","Low back pain",2021,235,"95+ years",98,TRUE,1,"Male",15,"mortality",0,0,0
356,"India","Low back pain",2021,235,"95+ years",98,TRUE,1,"Male",7,"remission",0,0,0
356,"India","Low back pain",2021,235,"95+ years",99,TRUE,1,"Male",5,"prevalence",0.138000198613583,0.09490346727,0.19281076918768
356,"India","Low back pain",2021,235,"95+ years",99,TRUE,1,"Male",6,"incidence",0.0538181487,0.03405378513,0.0799039543064918
356,"India","Low back pain",2021,235,"95+ years",99,TRUE,1,"Male",15,"mortality",0,0,0
356,"India","Low back pain",2021,235,"95+ years",99,TRUE,1,"Male",7,"remission",0,0,0
356,"India","Low back pain",2021,235,"95+ years",100,TRUE,1,"Male",5,"prevalence",0.138000198613583,0.09490346727,0.19281076918768
356,"India","Low back pain",2021,235,"95+ years",100,TRUE,1,"Male",6,"incidence",0.0538181487,0.03405378513,0.0799039543064918
356,"India","Low back pain",2021,235,"95+ years",100,TRUE,1,"Male",15,"mortality",0,0,0
356,"India","Low back pain",2021,235,"95+ years",100,TRUE,1,"Male",7,"remission",0,0,0
356,"India","Low back pain",2021,235,"95+ years",101,TRUE,1,"Male",5,"prevalence",0.138000198613583,0.09490346727,0.19281076918768
356,"India","Low back pain",2021,235,"95+ years",101,TRUE,1,"Male",6,"incidence",0.0538181487,0.03405378513,0.0799039543064918
356,"India","Low back pain",2021,235,"95+ years",101,TRUE,1,"Male",15,"mortality",0,0,0
356,"India","Low back pain",2021,235,"95+ years",101,TRUE,1,"Male",7,"remission",0,0,0
356,"India","Low back pain",2021,235,"95+ years",102,TRUE,1,"Male",5,"prevalence",0.138000198613583,0.09490346727,0.19281076918768
356,"India","Low back pain",2021,235,"95+ years",102,TRUE,1,"Male",6,"incidence",0.0538181487,0.03405378513,0.0799039543064918
356,"India","Low back pain",2021,235,"95+ years",102,TRUE,1,"Male",15,"mortality",0,0,0
356,"India","Low back pain",2021,235,"95+ years",102,TRUE,1,"Male",7,"remission",0,0,0
356,"India","Low back pain",2021,235,"95+ years",103,TRUE,1,"Male",5,"prevalence",0.138000198613583,0.09490346727,0.19281076918768
356,"India","Low back pain",2021,235,"95+ years",103,TRUE,1,"Male",6,"incidence",0.0538181487,0.03405378513,0.0799039543064918
356,"India","Low back pain",2021,235,"95+ years",103,TRUE,1,"Male",15,"mortality",0,0,0
356,"India","Low back pain",2021,235,"95+ years",103,TRUE,1,"Male",7,"remission",0,0,0
356,"India","Low back pain",2021,235,"95+ years",104,TRUE,1,"Male",5,"prevalence",0.138000198613583,0.09490346727,0.19281076918768
356,"India","Low back pain",2021,235,"95+ years",104,TRUE,1,"Male",6,"incidence",0.0538181487,0.03405378513,0.0799039543064918
356,"India","Low back pain",2021,235,"95+ years",104,TRUE,1,"Male",15,"mortality",0,0,0
356,"India","Low back pain",2021,235,"95+ years",104,TRUE,1,"Male",7,"remission",0,0,0
356,"India","Low back pain",2021,235,"95+ years",105,TRUE,1,"Male",5,"prevalence",0.138000198613583,0.09490346727,0.19281076918768
356,"India","Low back pain",2021,235,"95+ years",105,TRUE,1,"Male",6,"incidence",0.0538181487,0.03405378513,0.0799039543064918
356,"India","Low back pain",2021,235,"95+ years",105,TRUE,1,"Male",15,"mortality",0,0,0
356,"India","Low back pain",2021,235,"95+ years",105,TRUE,1,"Male",7,"remission",0,0,0
356,"India","Low back pain",2021,235,"95+ years",106,TRUE,1,"Male",5,"prevalence",0.138000198613583,0.09490346727,0.19281076918768
356,"India","Low back pain",2021,235,"95+ years",106,TRUE,1,"Male",6,"incidence",0.0538181487,0.03405378513,0.0799039543064918
356,"India","Low back pain",2021,235,"95+ years",106,TRUE,1,"Male",15,"mortality",0,0,0
356,"India","Low back pain",2021,235,"95+ years",106,TRUE,1,"Male",7,"remission",0,0,0
356,"India","Low back pain",2021,235,"95+ years",107,TRUE,1,"Male",5,"prevalence",0.138000198613583,0.09490346727,0.19281076918768
356,"India","Low back pain",2021,235,"95+ years",107,TRUE,1,"Male",6,"incidence",0.0538181487,0.03405378513,0.0799039543064918
356,"India","Low back pain",2021,235,"95+ years",107,TRUE,1,"Male",15,"mortality",0,0,0
356,"India","Low back pain",2021,235,"95+ years",107,TRUE,1,"Male",7,"remission",0,0,0
356,"India","Low back pain",2021,235,"95+ years",108,TRUE,1,"Male",5,"prevalence",0.138000198613583,0.09490346727,0.19281076918768
356,"India","Low back pain",2021,235,"95+ years",108,TRUE,1,"Male",6,"incidence",0.0538181487,0.03405378513,0.0799039543064918
356,"India","Low back pain",2021,235,"95+ years",108,TRUE,1,"Male",15,"mortality",0,0,0
356,"India","Low back pain",2021,235,"95+ years",108,TRUE,1,"Male",7,"remission",0,0,0
356,"India","Low back pain",2021,235,"95+ years",109,TRUE,1,"Male",5,"prevalence",0.138000198613583,0.09490346727,0.19281076918768
356,"India","Low back pain",2021,235,"95+ years",109,TRUE,1,"Male",6,"incidence",0.0538181487,0.03405378513,0.0799039543064918
356,"India","Low back pain",2021,235,"95+ years",109,TRUE,1,"Male",15,"mortality",0,0,0
356,"India","Low back pain",2021,235,"95+ years",109,TRUE,1,"Male",7,"remission",0,0,0
356,"India","Low back pain",2021,235,"95+ years",110,TRUE,1,"Male",5,"prevalence",0.138000198613583,0.09490346727,0.19281076918768
356,"India","Low back pain",2021,235,"95+ years",110,TRUE,1,"Male",6,"incidence",0.0538181487,0.03405378513,0.0799039543064918
356,"India","Low back pain",2021,235,"95+ years",110,TRUE,1,"Male",15,"mortality",0,0,0
356,"India","Low back pain",2021,235,"95+ years",110,TRUE,1,"Male",7,"remission",0,0,0
356,"India","Low back pain",2021,235,"95+ years",95,TRUE,2,"Female",5,"prevalence",0.226579919647064,0.159551289798129,0.308800672453468
356,"India","Low back pain",2021,235,"95+ years",95,TRUE,2,"Female",6,"incidence",0.07579325715,0.0477913230390763,0.108363139848762
356,"India","Low back pain",2021,235,"95+ years",95,TRUE,2,"Female",15,"mortality",0,0,0
356,"India","Low back pain",2021,235,"95+ years",95,TRUE,2,"Female",7,"remission",0,0,0
356,"India","Low back pain",2021,235,"95+ years",96,TRUE,2,"Female",5,"prevalence",0.226579919647064,0.159551289798129,0.308800672453468
356,"India","Low back pain",2021,235,"95+ years",96,TRUE,2,"Female",6,"incidence",0.07579325715,0.0477913230390763,0.108363139848762
356,"India","Low back pain",2021,235,"95+ years",96,TRUE,2,"Female",15,"mortality",0,0,0
356,"India","Low back pain",2021,235,"95+ years",96,TRUE,2,"Female",7,"remission",0,0,0
356,"India","Low back pain",2021,235,"95+ years",97,TRUE,2,"Female",5,"prevalence",0.226579919647064,0.159551289798129,0.308800672453468
356,"India","Low back pain",2021,235,"95+ years",97,TRUE,2,"Female",6,"incidence",0.07579325715,0.0477913230390763,0.108363139848762
356,"India","Low back pain",2021,235,"95+ years",97,TRUE,2,"Female",15,"mortality",0,0,0
356,"India","Low back pain",2021,235,"95+ years",97,TRUE,2,"Female",7,"remission",0,0,0
356,"India","Low back pain",2021,235,"95+ years",98,TRUE,2,"Female",5,"prevalence",0.226579919647064,0.159551289798129,0.308800672453468
356,"India","Low back pain",2021,235,"95+ years",98,TRUE,2,"Female",6,"incidence",0.07579325715,0.0477913230390763,0.108363139848762
356,"India","Low back pain",2021,235,"95+ years",98,TRUE,2,"Female",15,"mortality",0,0,0
356,"India","Low back pain",2021,235,"95+ years",98,TRUE,2,"Female",7,"remission",0,0,0
356,"India","Low back pain",2021,235,"95+ years",99,TRUE,2,"Female",5,"prevalence",0.226579919647064,0.159551289798129,0.308800672453468
356,"India","Low back pain",2021,235,"95+ years",99,TRUE,2,"Female",6,"incidence",0.07579325715,0.0477913230390763,0.108363139848762
356,"India","Low back pain",2021,235,"95+ years",99,TRUE,2,"Female",15,"mortality",0,0,0
356,"India","Low back pain",2021,235,"95+ years",99,TRUE,2,"Female",7,"remission",0,0,0
356,"India","Low back pain",2021,235,"95+ years",100,TRUE,2,"Female",5,"prevalence",0.226579919647064,0.159551289798129,0.308800672453468
356,"India","Low back pain",2021,235,"95+ years",100,TRUE,2,"Female",6,"incidence",0.07579325715,0.0477913230390763,0.108363139848762
356,"India","Low back pain",2021,235,"95+ years",100,TRUE,2,"Female",15,"mortality",0,0,0
356,"India","Low back pain",2021,235,"95+ years",100,TRUE,2,"Female",7,"remission",0,0,0
356,"India","Low back pain",2021,235,"95+ years",101,TRUE,2,"Female",5,"prevalence",0.226579919647064,0.159551289798129,0.308800672453468
356,"India","Low back pain",2021,235,"95+ years",101,TRUE,2,"Female",6,"incidence",0.07579325715,0.0477913230390763,0.108363139848762
356,"India","Low back pain",2021,235,"95+ years",101,TRUE,2,"Female",15,"mortality",0,0,0
356,"India","Low back pain",2021,235,"95+ years",101,TRUE,2,"Female",7,"remission",0,0,0
356,"India","Low back pain",2021,235,"95+ years",102,TRUE,2,"Female",5,"prevalence",0.226579919647064,0.159551289798129,0.308800672453468
356,"India","Low back pain",2021,235,"95+ years",102,TRUE,2,"Female",6,"incidence",0.07579325715,0.0477913230390763,0.108363139848762
356,"India","Low back pain",2021,235,"95+ years",102,TRUE,2,"Female",15,"mortality",0,0,0
356,"India","Low back pain",2021,235,"95+ years",102,TRUE,2,"Female",7,"remission",0,0,0
356,"India","Low back pain",2021,235,"95+ years",103,TRUE,2,"Female",5,"prevalence",0.226579919647064,0.159551289798129,0.308800672453468
356,"India","Low back pain",2021,235,"95+ years",103,TRUE,2,"Female",6,"incidence",0.07579325715,0.0477913230390763,0.108363139848762
356,"India","Low back pain",2021,235,"95+ years",103,TRUE,2,"Female",15,"mortality",0,0,0
356,"India","Low back pain",2021,235,"95+ years",103,TRUE,2,"Female",7,"remission",0,0,0
356,"India","Low back pain",2021,235,"95+ years",104,TRUE,2,"Female",5,"prevalence",0.226579919647064,0.159551289798129,0.308800672453468
356,"India","Low back pain",2021,235,"95+ years",104,TRUE,2,"Female",6,"incidence",0.07579325715,0.0477913230390763,0.108363139848762
356,"India","Low back pain",2021,235,"95+ years",104,TRUE,2,"Female",15,"mortality",0,0,0
356,"India","Low back pain",2021,235,"95+ years",104,TRUE,2,"Female",7,"remission",0,0,0
356,"India","Low back pain",2021,235,"95+ years",105,TRUE,2,"Female",5,"prevalence",0.226579919647064,0.159551289798129,0.308800672453468
356,"India","Low back pain",2021,235,"95+ years",105,TRUE,2,"Female",6,"incidence",0.07579325715,0.0477913230390763,0.108363139848762
356,"India","Low back pain",2021,235,"95+ years",105,TRUE,2,"Female",15,"mortality",0,0,0
356,"India","Low back pain",2021,235,"95+ years",105,TRUE,2,"Female",7,"remission",0,0,0
356,"India","Low back pain",2021,235,"95+ years",106,TRUE,2,"Female",5,"prevalence",0.226579919647064,0.159551289798129,0.308800672453468
356,"India","Low back pain",2021,235,"95+ years",106,TRUE,2,"Female",6,"incidence",0.07579325715,0.0477913230390763,0.108363139848762
356,"India","Low back pain",2021,235,"95+ years",106,TRUE,2,"Female",15,"mortality",0,0,0
356,"India","Low back pain",2021,235,"95+ years",106,TRUE,2,"Female",7,"remission",0,0,0
356,"India","Low back pain",2021,235,"95+ years",107,TRUE,2,"Female",5,"prevalence",0.226579919647064,0.159551289798129,0.308800672453468
356,"India","Low back pain",2021,235,"95+ years",107,TRUE,2,"Female",6,"incidence",0.07579325715,0.0477913230390763,0.108363139848762
356,"India","Low back pain",2021,235,"95+ years",107,TRUE,2,"Female",15,"mortality",0,0,0
356,"India","Low back pain",2021,235,"95+ years",107,TRUE,2,"Female",7,"remission",0,0,0
356,"India","Low back pain",2021,235,"95+ years",108,TRUE,2,"Female",5,"prevalence",0.226579919647064,0.159551289798129,0.308800672453468
356,"India","Low back pain",2021,235,"95+ years",108,TRUE,2,"Female",6,"incidence",0.07579325715,0.0477913230390763,0.108363139848762
356,"India","Low back pain",2021,235,"95+ years",108,TRUE,2,"Female",15,"mortality",0,0,0
356,"India","Low back pain",2021,235,"95+ years",108,TRUE,2,"Female",7,"remission",0,0,0
356,"India","Low back pain",2021,235,"95+ years",109,TRUE,2,"Female",5,"prevalence",0.226579919647064,0.159551289798129,0.308800672453468
356,"India","Low back pain",2021,235,"95+ years",109,TRUE,2,"Female",6,"incidence",0.07579325715,0.0477913230390763,0.108363139848762
356,"India","Low back pain",2021,235,"95+ years",109,TRUE,2,"Female",15,"mortality",0,0,0
356,"India","Low back pain",2021,235,"95+ years",109,TRUE,2,"Female",7,"remission",0,0,0
356,"India","Low back pain",2021,235,"95+ years",110,TRUE,2,"Female",5,"prevalence",0.226579919647064,0.159551289798129,0.308800672453468
356,"India","Low back pain",2021,235,"95+ years",110,TRUE,2,"Female",6,"incidence",0.07579325715,0.0477913230390763,0.108363139848762
356,"India","Low back pain",2021,235,"95+ years",110,TRUE,2,"Female",15,"mortality",0,0,0
356,"India","Low back pain",2021,235,"95+ years",110,TRUE,2,"Female",7,"remission",0,0,0
356,"India","Low back pain",2021,5,"1 to 4",0,TRUE,1,"Male",5,"prevalence",0,0,0
356,"India","Low back pain",2021,5,"1 to 4",0,TRUE,1,"Male",6,"incidence",0,0,0
356,"India","Low back pain",2021,5,"1 to 4",0,TRUE,1,"Male",15,"mortality",0,0,0
356,"India","Low back pain",2021,5,"1 to 4",0,TRUE,1,"Male",7,"remission",0,0,0
356,"India","Low back pain",2021,5,"1 to 4",0,TRUE,2,"Female",5,"prevalence",0,0,0
356,"India","Low back pain",2021,5,"1 to 4",0,TRUE,2,"Female",6,"incidence",0,0,0
356,"India","Low back pain",2021,5,"1 to 4",0,TRUE,2,"Female",15,"mortality",0,0,0
356,"India","Low back pain",2021,5,"1 to 4",0,TRUE,2,"Female",7,"remission",0,0,0
356,"India","Low back pain",2021,5,"1 to 4",2,TRUE,1,"Male",5,"prevalence",0,0,0
356,"India","Low back pain",2021,5,"1 to 4",2,TRUE,1,"Male",6,"incidence",0,0,0
356,"India","Low back pain",2021,5,"1 to 4",2,TRUE,1,"Male",15,"mortality",0,0,0
356,"India","Low back pain",2021,5,"1 to 4",2,TRUE,1,"Male",7,"remission",0,0,0
356,"India","Low back pain",2021,5,"1 to 4",3,TRUE,1,"Male",5,"prevalence",0,0,0
356,"India","Low back pain",2021,5,"1 to 4",3,TRUE,1,"Male",6,"incidence",0,0,0
356,"India","Low back pain",2021,5,"1 to 4",3,TRUE,1,"Male",15,"mortality",0,0,0
356,"India","Low back pain",2021,5,"1 to 4",3,TRUE,1,"Male",7,"remission",0,0,0
356,"India","Low back pain",2021,5,"1 to 4",4,TRUE,1,"Male",5,"prevalence",0,0,0
356,"India","Low back pain",2021,5,"1 to 4",4,TRUE,1,"Male",6,"incidence",0,0,0
356,"India","Low back pain",2021,5,"1 to 4",4,TRUE,1,"Male",15,"mortality",0,0,0
356,"India","Low back pain",2021,5,"1 to 4",4,TRUE,1,"Male",7,"remission",0,0,0
356,"India","Low back pain",2021,5,"1 to 4",2,TRUE,2,"Female",5,"prevalence",0,0,0
356,"India","Low back pain",2021,5,"1 to 4",2,TRUE,2,"Female",6,"incidence",0,0,0
356,"India","Low back pain",2021,5,"1 to 4",2,TRUE,2,"Female",15,"mortality",0,0,0
356,"India","Low back pain",2021,5,"1 to 4",2,TRUE,2,"Female",7,"remission",0,0,0
356,"India","Low back pain",2021,5,"1 to 4",3,TRUE,2,"Female",5,"prevalence",0,0,0
356,"India","Low back pain",2021,5,"1 to 4",3,TRUE,2,"Female",6,"incidence",0,0,0
356,"India","Low back pain",2021,5,"1 to 4",3,TRUE,2,"Female",15,"mortality",0,0,0
356,"India","Low back pain",2021,5,"1 to 4",3,TRUE,2,"Female",7,"remission",0,0,0
356,"India","Low back pain",2021,5,"1 to 4",4,TRUE,2,"Female",5,"prevalence",0,0,0
356,"India","Low back pain",2021,5,"1 to 4",4,TRUE,2,"Female",6,"incidence",0,0,0
356,"India","Low back pain",2021,5,"1 to 4",4,TRUE,2,"Female",15,"mortality",0,0,0
356,"India","Low back pain",2021,5,"1 to 4",4,TRUE,2,"Female",7,"remission",0,0,0
356,"India","Low back pain",2021,5,"1 to 4",1,TRUE,1,"Male",5,"prevalence",0,0,0
356,"India","Low back pain",2021,5,"1 to 4",1,TRUE,1,"Male",6,"incidence",0,0,0
356,"India","Low back pain",2021,5,"1 to 4",1,TRUE,1,"Male",15,"mortality",0,0,0
356,"India","Low back pain",2021,5,"1 to 4",1,TRUE,1,"Male",7,"remission",0,0,0
356,"India","Low back pain",2021,5,"1 to 4",1,TRUE,2,"Female",5,"prevalence",0,0,0
356,"India","Low back pain",2021,5,"1 to 4",1,TRUE,2,"Female",6,"incidence",0,0,0
356,"India","Low back pain",2021,5,"1 to 4",1,TRUE,2,"Female",15,"mortality",0,0,0
356,"India","Low back pain",2021,5,"1 to 4",1,TRUE,2,"Female",7,"remission",0,0,0
